1,1,A 臨床化學及臨床毒理學,A0001 苯環利定試驗系統,衛署醫器製字第002326號,116/03/07,聯華苯環利定(天使塵)藥物濫用篩檢測試組,Firstep Phencyclidine (PCP) Durg Abuse Test,聯華生技股份有限公司,聯華生技股份有限公司,https://info.fda.gov.tw/MLMS/H0001D.aspx?Type=Lic&LicId=05002326
1,1,A 臨床化學及臨床毒理學,A0001 苯環利定試驗系統,衛署醫器製字第002587號,112/06/20,台塑生醫迅知愷他命(K他命) 快速檢驗試劑,Formosa One Sure KET Rapid test kit,台塑生醫科技股份有限公司,台塑生醫科技股份有限公司宜蘭廠,https://info.fda.gov.tw/MLMS/H0001D.aspx?Type=Lic&LicId=05002587
1,1,A 臨床化學及臨床毒理學,A0001 苯環利定試驗系統,衛署醫器製字第003025號,114/01/20,台塑生醫迅知愷他命/搖頭丸二合一快速檢驗試劑,Formosa One Sure KET/ MDMA 2 in 1 Rapid test kit,台塑生醫科技股份有限公司,台塑生醫科技股份有限公司宜蘭廠,https://info.fda.gov.tw/MLMS/H0001D.aspx?Type=Lic&LicId=05003025
1,1,A 臨床化學及臨床毒理學,A0001 苯環利定試驗系統,衛署醫器製字第003039號,114/04/08,聯華愷他命藥物濫用篩檢測試劑,Firstep Ketamine drug of abuse screen test,聯華生技股份有限公司,聯華生技股份有限公司,https://info.fda.gov.tw/MLMS/H0001D.aspx?Type=Lic&LicId=05003039
1,1,A 臨床化學及臨床毒理學,A0001 苯環利定試驗系統,衛署醫器製字第003843號,111/12/06,台塑生醫迅知多合一藥物濫用快速檢驗試劑,Formosa One Sure Multiple DOA Screening test kit,台塑生醫科技股份有限公司,台塑生醫科技股份有限公司宜蘭廠,https://info.fda.gov.tw/MLMS/H0001D.aspx?Type=Lic&LicId=05003843
1,1,A 臨床化學及臨床毒理學,A0001 苯環利定試驗系統,衛署醫器輸字第015993號,115/02/15,美堅迪爾埃天使塵分析試劑,MGC DRI Phencyclidine Assay,醫全實業股份有限公司,MICROGENICS CORPORATION,https://info.fda.gov.tw/MLMS/H0001D.aspx?Type=Lic&LicId=06015993
1,1,A 臨床化學及臨床毒理學,A0001 苯環利定試驗系統,衛署醫器輸字第024546號,112/03/01,羅氏可霸斯苯環利定檢驗試劑,cobas c PCP,台灣羅氏醫療診斷設備股份有限公司,ROCHE DIAGNOSTICS GMBH,https://info.fda.gov.tw/MLMS/H0001D.aspx?Type=Lic&LicId=06024546
1,1,A 臨床化學及臨床毒理學,A0001 苯環利定試驗系統,衛部醫器製字第004431號,113/01/09,醫試美愷他命快速檢驗試劑,EASEmed Ketamine (KET) Rapid Test Kit,開物科技股份有限公司南科廠,開物科技股份有限公司南科廠,https://info.fda.gov.tw/MLMS/H0001D.aspx?Type=Lic&LicId=55004431
1,1,A 臨床化學及臨床毒理學,A0001 苯環利定試驗系統,衛部醫器製字第004704號,113/08/06,東耀愷他命快速檢驗試劑,ASK Ketamine Rapid Test,東耀生物科技有限公司,東耀生物科技有限公司,https://info.fda.gov.tw/MLMS/H0001D.aspx?Type=Lic&LicId=55004704
1,1,A 臨床化學及臨床毒理學,A0001 苯環利定試驗系統,衛部醫器製字第004739號,113/12/23,聯華多合一藥物濫用篩檢測試盒,Firstep Multiple Drugs Screen Cassette,聯華生技股份有限公司,聯華生技股份有限公司,https://info.fda.gov.tw/MLMS/H0001D.aspx?Type=Lic&LicId=55004739
1,1,A 臨床化學及臨床毒理學,A0001 苯環利定試驗系統,衛部醫器製字第004942號,114/07/06,東耀愷他命/搖頭丸雙測快速檢驗試劑,ASK Ketamine/MDMA Combo Rapid Test,東耀生物科技有限公司,東耀生物科技有限公司,https://info.fda.gov.tw/MLMS/H0001D.aspx?Type=Lic&LicId=55004942
1,1,A 臨床化學及臨床毒理學,A0001 苯環利定試驗系統,衛部醫器製字第005809號,108/12/23,“麥迪弗若拉” 多合一藥物濫用篩檢測試盒,“Mediflora” DoA Mobile Lab_Screen Cassette,聯華生技股份有限公司,聯華生技股份有限公司,https://info.fda.gov.tw/MLMS/H0001D.aspx?Type=Lic&LicId=55005809
1,1,A 臨床化學及臨床毒理學,A0001 苯環利定試驗系統,衛部醫器製字第006256號,111/12/06,尖端醫多合一藥物濫用快速檢驗試劑,TABP Multiple DOA Screening test kit,台灣尖端先進生技醫藥股份有限公司,台塑生醫科技股份有限公司宜蘭廠,https://info.fda.gov.tw/MLMS/H0001D.aspx?Type=Lic&LicId=55006256
1,1,A 臨床化學及臨床毒理學,A0001 苯環利定試驗系統,衛部醫器製字第006263號,112/06/20,尖端醫 愷他命(K他命)快速檢驗試劑,TABP KET Rapid test kit,台灣尖端先進生技醫藥股份有限公司,台塑生醫科技股份有限公司宜蘭廠,https://info.fda.gov.tw/MLMS/H0001D.aspx?Type=Lic&LicId=55006263
1,1,A 臨床化學及臨床毒理學,A0001 苯環利定試驗系統,衛部醫器製字第006703號,114/02/18,龍騰K他命體外試劑組,LONG TERM KET TEST,龍騰生技股份有限公司新市廠,龍騰生技股份有限公司新市廠,https://info.fda.gov.tw/MLMS/H0001D.aspx?Type=Lic&LicId=55006703
1,1,A 臨床化學及臨床毒理學,A0001 苯環利定試驗系統,衛部醫器輸字第028496號,115/09/24,“費雪” 天使塵檢驗試劑組,“FISHER DIAGNOSTICS” PHENCYCLIDINE,美商亞培股份有限公司台灣分公司,MICROGENICS CORPORATION,https://info.fda.gov.tw/MLMS/H0001D.aspx?Type=Lic&LicId=56028496
1,1,A 臨床化學及臨床毒理學,A0001 苯環利定試驗系統,衛部醫器輸字第029306號,116/01/26,貝克曼庫爾特協康天使塵檢驗試劑,BECKMAN COULTER SYNCHRON Systems Phencyclidine (PCP) Reagent,美商貝克曼庫爾特有限公司台灣分公司,BECKMAN COULTER INC.,https://info.fda.gov.tw/MLMS/H0001D.aspx?Type=Lic&LicId=56029306
1,1,A 臨床化學及臨床毒理學,A0001 苯環利定試驗系統,衛部醫器輸字第032026號,113/01/10,“西門子” 苯環利定檢驗試劑,“Seimens” Atellica CH Phencyclidine (Pcp),西門子醫療設備股份有限公司,SIEMENS HEALTHCARE DIAGNOSTICS INC.,https://info.fda.gov.tw/MLMS/H0001D.aspx?Type=Lic&LicId=56032026
1,1,A 臨床化學及臨床毒理學,A0001 苯環利定試驗系統,衛部醫器輸字第033535號,114/08/26,亞培苯環己哌啶檢驗試劑組,Abbott Alinity c Phencyclidine Reagent Kit,美商亞培股份有限公司台灣分公司,MICROGENICS CORPORATION,https://info.fda.gov.tw/MLMS/H0001D.aspx?Type=Lic&LicId=56033535
1,5,A 臨床化學及臨床毒理學,A1030 丙胺酸轉胺酶試驗系統,衛署醫器輸字第015854號,115/01/09,"""愛科來"" 多項檢測試紙 I","Spotchem II Panel-1 Reagent Strip ""Arkray""",生展生物科技股份有限公司,ARKRAY FACTORY INC.,https://info.fda.gov.tw/MLMS/H0001D.aspx?Type=Lic&LicId=06015854
1,5,A 臨床化學及臨床毒理學,A1030 丙胺酸轉胺酶試驗系統,衛署醫器輸字第023623號,116/05/18,德曼遜丙氨酸轉氨每弗列克斯試劑組,Dimension ALTI Alanine Aminotransferase Flex reagent cartridge,西門子醫療設備股份有限公司,SIEMENS HEALTHCARE DIAGNOSTICS INC.,https://info.fda.gov.tw/MLMS/H0001D.aspx?Type=Lic&LicId=06023623
1,5,A 臨床化學及臨床毒理學,A1030 丙胺酸轉胺酶試驗系統,衛署醫器製壹字第000429號,114/10/20,台塑丙胺酸轉胺酶試劑 (未滅菌),MeDiPro ALANINE AMINOTRANSFERASE TEST (Non-Sterile),台塑生醫科技股份有限公司,台塑生醫科技股份有限公司宜蘭廠,https://info.fda.gov.tw/MLMS/H0001D.aspx?Type=Lic&LicId=43000429
1,5,A 臨床化學及臨床毒理學,A1030 丙胺酸轉胺酶試驗系統,衛署醫器製壹字第003877號,110/12/02,〝朕江〞丙胺酸轉胺酉每試劑套組 (未滅菌),〝LANNER〞Alanine Aminotransferase Reagent Kit (Non-sterile),朕江生物科技股份有限公司,朕江生物科技股份有限公司,https://info.fda.gov.tw/MLMS/H0001D.aspx?Type=Lic&LicId=43003877
1,5,A 臨床化學及臨床毒理學,A1030 丙胺酸轉胺酶試驗系統,衛署醫器輸壹字第000180號,114/06/16,貝克曼庫爾特協康丙胺酸轉胺酶試劑 (未滅菌),BECKMAN COULTER SYNCHRON ALT (ALT) REAGENT (NON-STERILE),美商貝克曼庫爾特有限公司台灣分公司,BECKMAN COULTER INC.,https://info.fda.gov.tw/MLMS/H0001D.aspx?Type=Lic&LicId=44000180
1,5,A 臨床化學及臨床毒理學,A1030 丙胺酸轉胺酶試驗系統,衛署醫器輸壹字第000345號,109/08/22,關東化學胺基丙酸轉移酶試驗試劑 (未滅菌),Kanto Chemical ALT (Non-Sterile),醫全實業股份有限公司,"KANTO CHEMICAL CO., INC. ISEHARA FACTORY",https://info.fda.gov.tw/MLMS/H0001D.aspx?Type=Lic&LicId=44000345
1,5,A 臨床化學及臨床毒理學,A1030 丙胺酸轉胺酶試驗系統,衛署醫器輸壹字第000379號,114/09/05,生研胺基丙酸轉移酶試劑(未滅菌),"GPT-JS ""SEIKEN"" (Non-Sterile)",東研實業股份有限公司,"DENKA SEIKEN CO., LTD. KAGAMIDA FACTORY",https://info.fda.gov.tw/MLMS/H0001D.aspx?Type=Lic&LicId=44000379
1,5,A 臨床化學及臨床毒理學,A1030 丙胺酸轉胺酶試驗系統,衛署醫器輸壹字第000433號,114/09/13,羅氏胺基丙酸轉移酶檢驗試劑(未滅菌),Reflotron GPT (ALT) (Non-Sterile),台灣羅氏醫療診斷設備股份有限公司,ROCHE DIAGNOSTICS GMBH,https://info.fda.gov.tw/MLMS/H0001D.aspx?Type=Lic&LicId=44000433
1,5,A 臨床化學及臨床毒理學,A1030 丙胺酸轉胺酶試驗系統,衛署醫器輸壹字第000511號,114/09/20,“貝克曼庫爾特”麩氨酸丙酮酸轉氨基/試劑(未滅菌),“BECKMAN COULTER” ALT (Non-Sterile),美商貝克曼庫爾特有限公司台灣分公司,BECKMAN COULTER IRELAND INC.,https://info.fda.gov.tw/MLMS/H0001D.aspx?Type=Lic&LicId=44000511
1,5,A 臨床化學及臨床毒理學,A1030 丙胺酸轉胺酶試驗系統,衛署醫器輸壹字第000530號,114/09/21,"""愛科來""胺基丙酸轉移酶檢測試紙(未滅菌)","Spotchem II GPT/ALT Reagent Strip ""Arkray""(Non-Sterile)",生展生物科技股份有限公司,"Arkray Factory Inc., Head office factory",https://info.fda.gov.tw/MLMS/H0001D.aspx?Type=Lic&LicId=44000530
1,5,A 臨床化學及臨床毒理學,A1030 丙胺酸轉胺酶試驗系統,衛署醫器輸壹字第000813號,109/10/06,維特司生化產品胺基丙酸轉移/桌上型試藥片(未滅菌),VITROS Chemistry Products ALT DT Slides(Non-Sterile),台灣大昌華嘉股份有限公司,"ORTHO-CLINICAL DIAGNOSTICS, INC.",https://info.fda.gov.tw/MLMS/H0001D.aspx?Type=Lic&LicId=44000813
1,5,A 臨床化學及臨床毒理學,A1030 丙胺酸轉胺酶試驗系統,衛署醫器輸壹字第000898號,114/10/12,聖提諾丙胺酸轉胺酶試劑（未滅菌）,Sentinel ALT UV Liquid（Non-Sterile）,東研實業股份有限公司,SENTINEL CH. SPA,https://info.fda.gov.tw/MLMS/H0001D.aspx?Type=Lic&LicId=44000898
1,5,A 臨床化學及臨床毒理學,A1030 丙胺酸轉胺酶試驗系統,衛署醫器輸壹字第000907號,114/10/13,富士-測定麩丙酮酸轉氨酶乾式試片(未滅菌),FUJI DRI-CHEM Slide GPT/ALT (Non-Sterile),恆昶實業股份有限公司,"FUJIFILM PHOTO MANUFACTURING CO., LTD",https://info.fda.gov.tw/MLMS/H0001D.aspx?Type=Lic&LicId=44000907
1,5,A 臨床化學及臨床毒理學,A1030 丙胺酸轉胺酶試驗系統,衛署醫器輸壹字第000940號,114/10/13,和光血清天門冬氨酸氨基轉移酶(未滅菌),WAKO L-Type ALT (Non-Sterile),醫全實業股份有限公司,FUJIFILM Wako Pure Chemical Corporation Mie Plant,https://info.fda.gov.tw/MLMS/H0001D.aspx?Type=Lic&LicId=44000940
1,5,A 臨床化學及臨床毒理學,A1030 丙胺酸轉胺酶試驗系統,衛署醫器輸壹字第001027號,114/10/18,"""德國虎瑪""胺基丙酸轉移酶檢驗試劑(未滅菌)","""Human""GPT(ALAT)IFCC mod.(Non-Sterile)",德醫生技有限公司,HUMAN GESELLSCHAFT FUR BIOCHEMICA UND DIAGNOSTICA MBH,https://info.fda.gov.tw/MLMS/H0001D.aspx?Type=Lic&LicId=44001027
1,5,A 臨床化學及臨床毒理學,A1030 丙胺酸轉胺酶試驗系統,衛署醫器輸壹字第001033號,114/10/18,羅氏瑞弗聰乾式生化γ-麩胺醯轉移酶檢驗試劑 (未滅菌),Reflotron GGT (Non-Sterile),台灣羅氏醫療診斷設備股份有限公司,ROCHE DIAGNOSTICS GMBH,https://info.fda.gov.tw/MLMS/H0001D.aspx?Type=Lic&LicId=44001033
1,5,A 臨床化學及臨床毒理學,A1030 丙胺酸轉胺酶試驗系統,衛署醫器輸壹字第001092號,109/10/20,生物梅里埃胺基丙酸轉移每測定試劑(未滅菌),bioMerieux Enzyline ALAT/GPT(Non-Sterile),香港商生物梅里埃有限公司台灣分公司,BIOMERIEUX S.A.,https://info.fda.gov.tw/MLMS/H0001D.aspx?Type=Lic&LicId=44001092
1,5,A 臨床化學及臨床毒理學,A1030 丙胺酸轉胺酶試驗系統,衛署醫器輸壹字第001186號,109/10/25,維特司生化產品胺基丙酸轉移/試藥片(未滅菌),VITROS Chemistry Products ALT Slides (Non-sterile),台灣大昌華嘉股份有限公司,"ORTHO-CLINICAL DIAGNOSTICS, INC.",https://info.fda.gov.tw/MLMS/H0001D.aspx?Type=Lic&LicId=44001186
1,5,A 臨床化學及臨床毒理學,A1030 丙胺酸轉胺酶試驗系統,衛署醫器輸壹字第001994號,109/11/17,倫多丙胺酸轉移酶套組(未滅菌),Randox Alanine aminortansferase (ALT) kit (Non-sterile),醫誠有限公司,RANDOX LABORATORIES LTD,https://info.fda.gov.tw/MLMS/H0001D.aspx?Type=Lic&LicId=44001994
1,5,A 臨床化學及臨床毒理學,A1030 丙胺酸轉胺酶試驗系統,衛署醫器輸壹字第003182號,115/03/24,亞培臨床生化胺基丙酸轉移酶檢驗試劑組（未滅菌）,ABBOTT Clinical Chemistry Alanine Aminotransferase (ALT)（Non-Sterile）,美商亞培股份有限公司台灣分公司,ABBOTT LABORATORIES DIAGNOSTICS DIVISION,https://info.fda.gov.tw/MLMS/H0001D.aspx?Type=Lic&LicId=44003182
1,5,A 臨床化學及臨床毒理學,A1030 丙胺酸轉胺酶試驗系統,衛署醫器輸壹字第005543號,111/01/18,羅氏可霸斯胺基丙酸胺轉胺酶試劑 (未滅菌),"""Roche"" cobas c 501 ALTLP (Alanine Aminotransferase acc. IFCC with pyridoxal phosphate activation) (Non-sterile)",台灣羅氏醫療診斷設備股份有限公司,ROCHE DIAGNOSTICS GMBH,https://info.fda.gov.tw/MLMS/H0001D.aspx?Type=Lic&LicId=44005543
1,5,A 臨床化學及臨床毒理學,A1030 丙胺酸轉胺酶試驗系統,衛署醫器輸壹字第005566號,111/01/30,羅氏可霸斯磷酸哆醛檢驗試劑 (未滅菌),"""Roche"" cobas c 111 Pyridoxal phosphate (Non-sterile)",台灣羅氏醫療診斷設備股份有限公司,ROCHE DIAGNOSTICS GMBH,https://info.fda.gov.tw/MLMS/H0001D.aspx?Type=Lic&LicId=44005566
1,5,A 臨床化學及臨床毒理學,A1030 丙胺酸轉胺酶試驗系統,衛署醫器輸壹字第005588號,111/02/05,維特司胺基丙酸轉移酶(日本)試藥片 (未滅菌),VITROS ALTJ Slides (Non-Sterile),台灣大昌華嘉股份有限公司,"ORTHO-CLINICAL DIAGNOSTICS, INC.",https://info.fda.gov.tw/MLMS/H0001D.aspx?Type=Lic&LicId=44005588
1,5,A 臨床化學及臨床毒理學,A1030 丙胺酸轉胺酶試驗系統,衛署醫器輸壹字第005866號,116/05/21,“西門子”胺基丙酸轉移每試驗試劑(未滅菌),Advia Chemistry -Alanine Aminotransferase (ALT)(non-sterile),西門子醫療設備股份有限公司,RANDOX LABORATORIES LTD.,https://info.fda.gov.tw/MLMS/H0001D.aspx?Type=Lic&LicId=44005866
1,5,A 臨床化學及臨床毒理學,A1030 丙胺酸轉胺酶試驗系統,衛署醫器輸壹字第005884號,116/05/21,“西門子”磷酸比多醛試劑 (未滅菌),Advia Chemistry - Pyridoxal-5’-Phosphate (Non-Sterile),西門子醫療設備股份有限公司,RANDOX LABORATORIES LTD.,https://info.fda.gov.tw/MLMS/H0001D.aspx?Type=Lic&LicId=44005884
1,5,A 臨床化學及臨床毒理學,A1030 丙胺酸轉胺酶試驗系統,衛署醫器輸壹字第006370號,111/12/06,關東化學胺基丙酸轉移酶試驗補助試劑(未滅菌),Kanto Chemical PALP Supplement (Non-Sterile),醫全實業股份有限公司,"KANTO CHEMICAL CO., INC. ISEHARA FACTORY",https://info.fda.gov.tw/MLMS/H0001D.aspx?Type=Lic&LicId=44006370
1,5,A 臨床化學及臨床毒理學,A1030 丙胺酸轉胺酶試驗系統,衛署醫器輸壹字第008321號,113/11/26,羅氏可霸斯c 胺基丙酸胺轉胺脢檢驗試劑(未滅菌),cobas c ALTPM (Non-Sterile),台灣羅氏醫療診斷設備股份有限公司,ROCHE DIAGNOSTICS GMBH,https://info.fda.gov.tw/MLMS/H0001D.aspx?Type=Lic&LicId=44008321
1,5,A 臨床化學及臨床毒理學,A1030 丙胺酸轉胺酶試驗系統,衛署醫器輸壹字第009528號,114/11/18,德賽丙氨酸氨基轉移酶液體試劑盒(未滅菌),DiaSys GPT (ALAT) FS (Non-Sterile),嘉誠國際醫事服務顧問有限公司,DIASYS DIAGNOSTIC SYSTEMS GMBH,https://info.fda.gov.tw/MLMS/H0001D.aspx?Type=Lic&LicId=44009528
1,5,A 臨床化學及臨床毒理學,A1030 丙胺酸轉胺酶試驗系統,衛署醫器輸壹字第011626號,111/04/25,"""羅氏"" 可霸斯胺基丙酸胺轉胺酉每檢驗試劑 (未滅菌)","""Roche"" cobas ALTL (Non-Sterile)",台灣羅氏醫療診斷設備股份有限公司,ROCHE DIAGNOSTICS GMBH,https://info.fda.gov.tw/MLMS/H0001D.aspx?Type=Lic&LicId=44011626
1,5,A 臨床化學及臨床毒理學,A1030 丙胺酸轉胺酶試驗系統,衛署醫器輸壹字第011627號,111/04/25,"""羅氏"" 可霸斯磷酸哆醛檢驗試劑 (未滅菌)","""Roche"" cobas Pyridoxalphosphate (Non-Sterile)",台灣羅氏醫療診斷設備股份有限公司,ROCHE DIAGNOSTICS GMBH,https://info.fda.gov.tw/MLMS/H0001D.aspx?Type=Lic&LicId=44011627
1,5,A 臨床化學及臨床毒理學,A1030 丙胺酸轉胺酶試驗系統,衛署醫器輸壹字第012546號,112/01/04,"""美麗佳"" 丙胺酸轉胺酶試劑 (未滅菌)","""Medica"" Alanine Aminotransferase (ALT) test (Non-Sterile)",晃聖有限公司,MEDICA CORPORATION,https://info.fda.gov.tw/MLMS/H0001D.aspx?Type=Lic&LicId=44012546
1,5,A 臨床化學及臨床毒理學,A1030 丙胺酸轉胺酶試驗系統,衛署醫器輸壹字第012703號,112/02/07,"""貝克曼庫爾特"" 丙胺酸轉胺酉每試劑 (未滅菌)","""Beckman Coulter"" ALT with Pyridoxal Phosphate (Non-Sterile)",美商貝克曼庫爾特有限公司台灣分公司,BECKMAN COULTER IRELAND INC.,https://info.fda.gov.tw/MLMS/H0001D.aspx?Type=Lic&LicId=44012703
1,5,A 臨床化學及臨床毒理學,A1030 丙胺酸轉胺酶試驗系統,衛署醫器輸壹字第013162號,112/06/28,“亞培”臨床生化丙胺酸轉胺酶(活化)檢驗試劑組 (未滅菌),“ABBOTT” Clinical Chemistry Activated Alanine Aminotransferase (Non-sterile),美商亞培股份有限公司台灣分公司,ABBOTT LABORATORIES DIAGNOSTICS DIVISION.,https://info.fda.gov.tw/MLMS/H0001D.aspx?Type=Lic&LicId=44013162
1,5,A 臨床化學及臨床毒理學,A1030 丙胺酸轉胺酶試驗系統,衛部醫器製字第004381號,112/12/24,天亮常規生化試劑盤二,skyla General Biochemistry Panel II,天亮醫療器材股份有限公司園區分公司,天亮醫療器材股份有限公司園區分公司,https://info.fda.gov.tw/MLMS/H0001D.aspx?Type=Lic&LicId=55004381
1,5,A 臨床化學及臨床毒理學,A1030 丙胺酸轉胺酶試驗系統,衛部醫器製字第004382號,112/12/24,天亮肝功能試劑盤,skyla Liver Panel,天亮醫療器材股份有限公司園區分公司,天亮醫療器材股份有限公司園區分公司,https://info.fda.gov.tw/MLMS/H0001D.aspx?Type=Lic&LicId=55004382
1,5,A 臨床化學及臨床毒理學,A1030 丙胺酸轉胺酶試驗系統,衛部醫器製字第004383號,112/12/24,天亮基本生化試劑盤,skyla Basic Biochemistry Panel,天亮醫療器材股份有限公司園區分公司,天亮醫療器材股份有限公司園區分公司,https://info.fda.gov.tw/MLMS/H0001D.aspx?Type=Lic&LicId=55004383
1,5,A 臨床化學及臨床毒理學,A1030 丙胺酸轉胺酶試驗系統,衛部醫器製字第004386號,112/12/27,天亮肝功能試劑盤二,skyla Liver Panel II,天亮醫療器材股份有限公司園區分公司,天亮醫療器材股份有限公司園區分公司,https://info.fda.gov.tw/MLMS/H0001D.aspx?Type=Lic&LicId=55004386
1,5,A 臨床化學及臨床毒理學,A1030 丙胺酸轉胺酶試驗系統,衛部醫器製字第004387號,112/12/27,天亮代謝試劑盤,skyla Metabolic Panel,天亮醫療器材股份有限公司園區分公司,天亮醫療器材股份有限公司園區分公司,https://info.fda.gov.tw/MLMS/H0001D.aspx?Type=Lic&LicId=55004387
1,5,A 臨床化學及臨床毒理學,A1030 丙胺酸轉胺酶試驗系統,衛部醫器製字第004388號,112/12/27,天亮常規生化試劑盤,skyla General Biochemistry Panel,天亮醫療器材股份有限公司園區分公司,天亮醫療器材股份有限公司園區分公司,https://info.fda.gov.tw/MLMS/H0001D.aspx?Type=Lic&LicId=55004388
1,5,A 臨床化學及臨床毒理學,A1030 丙胺酸轉胺酶試驗系統,衛部醫器製字第004463號,113/05/22,天亮急症試劑盤,skyla ER Panel,天亮醫療器材股份有限公司園區分公司,天亮醫療器材股份有限公司園區分公司,https://info.fda.gov.tw/MLMS/H0001D.aspx?Type=Lic&LicId=55004463
1,5,A 臨床化學及臨床毒理學,A1030 丙胺酸轉胺酶試驗系統,衛部醫器製字第004936號,114/06/10,天亮急症試劑盤二,skyla ER Panel II,天亮醫療器材股份有限公司園區分公司,天亮醫療器材股份有限公司園區分公司,https://info.fda.gov.tw/MLMS/H0001D.aspx?Type=Lic&LicId=55004936
1,5,A 臨床化學及臨床毒理學,A1030 丙胺酸轉胺酶試驗系統,衛部醫器製字第006283號,113/03/07,天亮健檢生化試劑盤,skyla Health Check Biochemistry Panel,天亮醫療器材股份有限公司園區分公司,天亮醫療器材股份有限公司園區分公司,https://info.fda.gov.tw/MLMS/H0001D.aspx?Type=Lic&LicId=55006283
1,5,A 臨床化學及臨床毒理學,A1030 丙胺酸轉胺酶試驗系統,衛部醫器輸字第034398號,115/04/19,維特司生化產品丙胺酸轉胺酶-天門冬胺酸轉胺酶試藥片,VITROS XT Chemistry Products ALTV-AST Slides,台灣大昌華嘉股份有限公司,"ORTHO-CLINICAL DIAGNOSTICS, INC.",https://info.fda.gov.tw/MLMS/H0001D.aspx?Type=Lic&LicId=56034398
1,5,A 臨床化學及臨床毒理學,A1030 丙胺酸轉胺酶試驗系統,衛部醫器製壹字第004991號,108/01/08,"""瑞泰""胺基丙酸轉胺酶試劑(未滅菌)","""Moldetec"" Alanine Amino Transferase (ALT/SGPT) Test (Non-Sterile)",瑞泰生物科技有限公司,瑞泰生物科技有限公司,https://info.fda.gov.tw/MLMS/H0001D.aspx?Type=Lic&LicId=93004991
1,5,A 臨床化學及臨床毒理學,A1030 丙胺酸轉胺酶試驗系統,衛部醫器製壹字第005702號,114/06/03,伊諾來富 丙胺酸轉胺酶/磷酸(無機)/總蛋白質 三合一檢驗試劑盤 (未滅菌),ENNOLIFE ALT/IP/TP test reagent disc (Non-sterile),保生國際生醫股份有限公司,保生國際生醫股份有限公司,https://info.fda.gov.tw/MLMS/H0001D.aspx?Type=Lic&LicId=93005702
1,5,A 臨床化學及臨床毒理學,A1030 丙胺酸轉胺酶試驗系統,衛部醫器製壹字第008166號,114/02/04,"""生物艾科特""丙胺酸轉胺酶試劑 (未滅菌)","""BioAccut"" Alanine Aminotransferase (ALT) test (Non-Sterile)",東研實業股份有限公司,東研實業股份有限公司,https://info.fda.gov.tw/MLMS/H0001D.aspx?Type=Lic&LicId=93008166
1,5,A 臨床化學及臨床毒理學,A1030 丙胺酸轉胺酶試驗系統,衛部醫器輸壹字第014147號,113/05/16,"""積水""普優歐特胺基丙酸轉移酶測定試劑(未滅菌)","""SEKISUI"" Pureauto S ALT-L (Non-Sterile)",元英企業股份有限公司,"SEKISUI MEDICAL CO., LTD TSUKUBA PLANT",https://info.fda.gov.tw/MLMS/H0001D.aspx?Type=Lic&LicId=94014147
1,5,A 臨床化學及臨床毒理學,A1030 丙胺酸轉胺酶試驗系統,衛部醫器輸壹字第015373號,114/06/23,"""貝克曼庫爾特"" 協康丙胺酸轉胺酶試劑 (未滅菌)","""BECKMAN COULTER"" SYNCHRON Alanine Aminotransferase (ALT-) Reagent (Non-Sterile)",美商貝克曼庫爾特有限公司台灣分公司,BECKMAN COULTER INC.,https://info.fda.gov.tw/MLMS/H0001D.aspx?Type=Lic&LicId=94015373
1,5,A 臨床化學及臨床毒理學,A1030 丙胺酸轉胺酶試驗系統,衛部醫器輸壹字第015944號,109/12/08,"""黛而西斯"" 百滿佳丙胺酸轉胺酶試劑 (未滅菌)","""DiaSys"" BioMajesty ALAT (GPT) FS (IFCC mod.) (non-sterile)",台灣希森美康股份有限公司,DIASYS DIAGNOSTIC SYSTEMS GMBH,https://info.fda.gov.tw/MLMS/H0001D.aspx?Type=Lic&LicId=94015944
1,5,A 臨床化學及臨床毒理學,A1030 丙胺酸轉胺酶試驗系統,衛部醫器輸壹字第016953號,115/09/02,"""希可速"" 胺基丙酸轉移酶檢驗試劑組 (未滅菌)","""Sekisui"" Alanine Aminotransferase (ALT) (non-sterile)",美商亞培股份有限公司台灣分公司,SEKISUI DIAGNOSTICS P.E.I. INC.,https://info.fda.gov.tw/MLMS/H0001D.aspx?Type=Lic&LicId=94016953
1,5,A 臨床化學及臨床毒理學,A1030 丙胺酸轉胺酶試驗系統,衛部醫器輸壹字第017005號,115/09/19,"""費雪"" 丙胺酸轉胺酶(活化)檢驗試劑組 (未滅菌)","""Fisher"" Activated Alanine Aminotransferase (Non-sterile)",美商亞培股份有限公司台灣分公司,"FISHER DIAGNOSTICS, A DIVISION OF FISHER SCIENTIFIC COMPANY, LLC, A PART OF THERMO FISHER SCIENTIFIC INC.",https://info.fda.gov.tw/MLMS/H0001D.aspx?Type=Lic&LicId=94017005
1,5,A 臨床化學及臨床毒理學,A1030 丙胺酸轉胺酶試驗系統,衛部醫器輸壹字第018259號,116/09/01,"""西門子"" 丙胺酸轉胺酶試劑 (未滅菌)","""Siemens"" Atellica CH Alanine Aminotransferase (ALT) (Non-Sterile)",西門子醫療設備股份有限公司,RANDOX LABORATORIES LIMITED,https://info.fda.gov.tw/MLMS/H0001D.aspx?Type=Lic&LicId=94018259
1,5,A 臨床化學及臨床毒理學,A1030 丙胺酸轉胺酶試驗系統,衛部醫器輸壹字第018576號,111/12/05,維特司生化產品胺基丙酸轉移酶試藥片(未滅菌),VITROS Chemistry Products ALTV Slides (non-sterile),台灣大昌華嘉股份有限公司,"ORTHO CLINICAL DIAGNOSTICS, INC.",https://info.fda.gov.tw/MLMS/H0001D.aspx?Type=Lic&LicId=94018576
1,5,A 臨床化學及臨床毒理學,A1030 丙胺酸轉胺酶試驗系統,衛部醫器輸壹字第018759號,112/01/25,"""費雪"" 丙胺酸轉胺酶(活化)檢驗試劑組(未滅菌)","""Fisher Diagnostics"" Activated Alanine Aminotransferase Reagent Kit (Non-Sterile)",美商亞培股份有限公司台灣分公司,"FISHER DIAGNOSTICS, A DIVISION OF FISHER SCIENTIFIC COMPANY, LLC, A PART OF THERMO FISHER SCIENTIFIC INC.",https://info.fda.gov.tw/MLMS/H0001D.aspx?Type=Lic&LicId=94018759
1,5,A 臨床化學及臨床毒理學,A1030 丙胺酸轉胺酶試驗系統,衛部醫器輸壹字第018788號,112/02/01,"""德信"" 胺基丙酸轉移酶檢驗試劑 (未滅菌)","""Diasys"" ALAT (GPT) FS (Non-Sterile)",東研實業股份有限公司,DIASYS DIAGNOSTIC SYSTEMS GMBH,https://info.fda.gov.tw/MLMS/H0001D.aspx?Type=Lic&LicId=94018788
1,5,A 臨床化學及臨床毒理學,A1030 丙胺酸轉胺酶試驗系統,衛部醫器輸壹字第019009號,112/04/25,"""醫全"" 丙胺酸轉胺酶試劑 (未滅菌)","""Innovation"" Alanine Aminotransferase (ALT) test (Non-Sterile)",醫全實業股份有限公司,INNOVATION SCIENTIFIC PTY LTD.,https://info.fda.gov.tw/MLMS/H0001D.aspx?Type=Lic&LicId=94019009
1,5,A 臨床化學及臨床毒理學,A1030 丙胺酸轉胺酶試驗系統,衛部醫器輸壹字第019010號,112/04/25,“醫全” 磷酸比多醛試劑 (未滅菌),"""Innovation"" Pyridoxal-5’-Phosphate (Non-Sterile)",醫全實業股份有限公司,INNOVATION SCIENTIFIC PTY LTD.,https://info.fda.gov.tw/MLMS/H0001D.aspx?Type=Lic&LicId=94019010
1,5,A 臨床化學及臨床毒理學,A1030 丙胺酸轉胺酶試驗系統,衛部醫器輸壹字第020352號,113/04/23,羅氏可霸斯磷酸哆醛生化檢驗試劑(未滅菌),cobas c Pyridoxal phosphate (Non-Sterile),台灣羅氏醫療診斷設備股份有限公司,ROCHE DIAGNOSTICS GMBH,https://info.fda.gov.tw/MLMS/H0001D.aspx?Type=Lic&LicId=94020352
1,5,A 臨床化學及臨床毒理學,A1030 丙胺酸轉胺酶試驗系統,衛部醫器輸壹字第020354號,113/04/23,羅氏可霸斯丙胺酸轉胺酶生化檢驗試劑 (未滅菌),cobas c Alanine amino transferase (ALT/SGPT) test system (Non-Sterile),台灣羅氏醫療診斷設備股份有限公司,ROCHE DIAGNOSTICS GMBH,https://info.fda.gov.tw/MLMS/H0001D.aspx?Type=Lic&LicId=94020354
1,5,A 臨床化學及臨床毒理學,A1030 丙胺酸轉胺酶試驗系統,衛部醫器輸壹字第021256號,114/02/13,日東紡胺基丙酸胺轉胺酶試劑 (未滅菌),Nittobo ALT (Non-Sterile),東研實業股份有限公司,"NITTOBO MEDICAL CO., LTD. MEDICAL DEVELOPMENT CENTER",https://info.fda.gov.tw/MLMS/H0001D.aspx?Type=Lic&LicId=94021256
1,5,A 臨床化學及臨床毒理學,A1030 丙胺酸轉胺酶試驗系統,衛部醫器輸壹字第021289號,114/02/19,亞培丙胺酸轉胺酶(活化)檢驗試劑組(未滅菌),Abbott Activated Alanine Aminotransferase Reagent Kit (Non-Sterile),美商亞培股份有限公司台灣分公司,ABBOTT IRELAND DIAGNOSTICS DIVISION,https://info.fda.gov.tw/MLMS/H0001D.aspx?Type=Lic&LicId=94021289
1,5,A 臨床化學及臨床毒理學,A1030 丙胺酸轉胺酶試驗系統,衛部醫器輸壹字第021468號,114/04/20,"""亞培"" 胺基丙酸轉移酶檢驗試劑組 (未滅菌)","""Abbott"" Alanine Aminotransferase (ALT) (Non-sterile)",美商亞培股份有限公司台灣分公司,ABBOTT IRELAND DIAGNOSTICS DIVISION,https://info.fda.gov.tw/MLMS/H0001D.aspx?Type=Lic&LicId=94021468
1,6,A 臨床化學及臨床毒理學,A1035 白蛋白試驗系統,衛署醫器製字第001992號,115/03/13,台塑白蛋白試劑,MeDiPro ALBUMIN TEST,台塑生醫科技股份有限公司,台塑生醫科技股份有限公司宜蘭廠,https://info.fda.gov.tw/MLMS/H0001D.aspx?Type=Lic&LicId=05001992
1,6,A 臨床化學及臨床毒理學,A1035 白蛋白試驗系統,衛署醫器製字第004014號,112/03/28,朕江白蛋白試劑套組,LANNER Albumin Reagent Kit,朕江生物科技股份有限公司,朕江生物科技股份有限公司,https://info.fda.gov.tw/MLMS/H0001D.aspx?Type=Lic&LicId=05004014
1,6,A 臨床化學及臨床毒理學,A1035 白蛋白試驗系統,衛署醫器輸字第014816號,114/11/18,"""德國虎瑪"" 白蛋白檢驗試劑","""Human"" Albumin liquicolor",德醫生技有限公司,HUMAN GESELLSCHAFT FUR BIOCHEMICA UND DIAGNOSTICA MBH,https://info.fda.gov.tw/MLMS/H0001D.aspx?Type=Lic&LicId=06014816
1,6,A 臨床化學及臨床毒理學,A1035 白蛋白試驗系統,衛署醫器輸字第015346號,109/12/08,生物梅里埃白蛋白測定試劑,bioMerieux Albumine-Kit,香港商生物梅里埃有限公司台灣分公司,BIOMERIEUX SA,https://info.fda.gov.tw/MLMS/H0001D.aspx?Type=Lic&LicId=06015346
1,6,A 臨床化學及臨床毒理學,A1035 白蛋白試驗系統,衛署醫器輸字第015379號,109/12/09,貝克曼庫爾特鹼性磷酸酶(DEA)測定試劑,BECKMAN COULTER ALP (DEA),美商貝克曼庫爾特有限公司台灣分公司,BECKMAN COULTER IRELAND INC.,https://info.fda.gov.tw/MLMS/H0001D.aspx?Type=Lic&LicId=06015379
1,6,A 臨床化學及臨床毒理學,A1035 白蛋白試驗系統,衛署醫器輸字第015498號,114/12/12,和光白蛋白測定試劑,Wako Albumin HRII/IIHA,醫全實業股份有限公司,FUJIFILM Wako Pure Chemical Corporation Mie Plant,https://info.fda.gov.tw/MLMS/H0001D.aspx?Type=Lic&LicId=06015498
1,6,A 臨床化學及臨床毒理學,A1035 白蛋白試驗系統,衛署醫器輸字第015541號,114/12/13,"""德曼遜"" 白蛋白 弗列克斯 試劑組","""Dimension"" ALB Albumin Flex Reagent Cartridge",西門子醫療設備股份有限公司,SIEMENS HEALTHCARE DIAGNOSTICS INC.,https://info.fda.gov.tw/MLMS/H0001D.aspx?Type=Lic&LicId=06015541
1,6,A 臨床化學及臨床毒理學,A1035 白蛋白試驗系統,衛署醫器輸字第015554號,114/12/13,富士-測定白蛋白濃度亁式試片,FUJI DRI-CHEM Slide ALB-P,恆昶實業股份有限公司,"FUJIFILM Techno Products CO., LTD Ashigara Site",https://info.fda.gov.tw/MLMS/H0001D.aspx?Type=Lic&LicId=06015554
1,6,A 臨床化學及臨床毒理學,A1035 白蛋白試驗系統,衛署醫器輸字第015711號,114/12/20,"""愛科來""多項檢測試紙(Panel-2)","Spotchem I I Panel-2 Reagent Strip ""Arkray""",生展生物科技股份有限公司,"ARKRAY Factory Inc.,Head office factory",https://info.fda.gov.tw/MLMS/H0001D.aspx?Type=Lic&LicId=06015711
1,6,A 臨床化學及臨床毒理學,A1035 白蛋白試驗系統,衛署醫器輸字第015727號,114/12/22,"""愛科來"" 白蛋白檢測試紙","Spotchem II Albumin Reagent Strip ""Arkray""",生展生物科技股份有限公司,"ARKRAY Factory, Inc., Head office factory",https://info.fda.gov.tw/MLMS/H0001D.aspx?Type=Lic&LicId=06015727
1,6,A 臨床化學及臨床毒理學,A1035 白蛋白試驗系統,衛署醫器輸字第015742號,114/12/23,德賽白蛋白液體試劑盒,DiaSys Albumin FS,嘉誠國際醫事服務顧問有限公司,DIASYS DIAGNOSTIC SYSTEMS GMBH,https://info.fda.gov.tw/MLMS/H0001D.aspx?Type=Lic&LicId=06015742
1,6,A 臨床化學及臨床毒理學,A1035 白蛋白試驗系統,衛署醫器輸字第016006號,110/02/16,關東化學白蛋白試驗試劑,CicaLiquid ALB,醫全實業股份有限公司,"KANTO CHEMICAL CO., INC. ISEHARA FACTORY",https://info.fda.gov.tw/MLMS/H0001D.aspx?Type=Lic&LicId=06016006
1,6,A 臨床化學及臨床毒理學,A1035 白蛋白試驗系統,衛署醫器輸字第018250號,116/03/30,亞培臨床生化白蛋白(BCP)檢驗試劑,ABBOTT Clinical Chemistry Albumin BCP,美商亞培股份有限公司台灣分公司,"FISHER DIAGNOSTICS, A DIVISION OF FISHER SCIENTIFIC COMPANY, LLC, A PART OF THERMO FISHER SCIENTIFIC INC.",https://info.fda.gov.tw/MLMS/H0001D.aspx?Type=Lic&LicId=06018250
1,6,A 臨床化學及臨床毒理學,A1035 白蛋白試驗系統,衛署醫器輸字第018254號,116/04/11,亞培臨床生化白蛋白BCG檢驗試劑組,ABBOTT Clinical Chemistry Albumin BCG,美商亞培股份有限公司台灣分公司,"FISHER DIAGNOSTICS, A DIVISION OF FISHER SCIENTIFIC COMPANY, LLC, A PART OF THERMO FISHER SCIENTIFIC INC.",https://info.fda.gov.tw/MLMS/H0001D.aspx?Type=Lic&LicId=06018254
1,6,A 臨床化學及臨床毒理學,A1035 白蛋白試驗系統,衛署醫器輸字第018925號,112/01/22,“西門子”白蛋白試劑組,ADVIA Chemistry Albumin Reagents,西門子醫療設備股份有限公司,RANDOX LABORATORIES LIMITED,https://info.fda.gov.tw/MLMS/H0001D.aspx?Type=Lic&LicId=06018925
1,6,A 臨床化學及臨床毒理學,A1035 白蛋白試驗系統,衛署醫器輸字第018959號,112/02/22,羅氏可霸斯c 111白蛋白第2代檢驗試劑,cobas c 111 ALB2,台灣羅氏醫療診斷設備股份有限公司,ROCHE DIAGNOSTICS GMBH,https://info.fda.gov.tw/MLMS/H0001D.aspx?Type=Lic&LicId=06018959
1,6,A 臨床化學及臨床毒理學,A1035 白蛋白試驗系統,衛署醫器輸字第019961號,113/03/09,“愛科來”多項檢測試紙 (腎臟疾病檢測-2),Spotchem II Kidney-2 Reagent Strip“Arkray”,生展生物科技股份有限公司,"ARKRAY Factory Inc.,Head office factory",https://info.fda.gov.tw/MLMS/H0001D.aspx?Type=Lic&LicId=06019961
1,6,A 臨床化學及臨床毒理學,A1035 白蛋白試驗系統,衛署醫器輸字第022023號,110/06/01,羅氏白蛋白BCP方法學生化檢驗試劑,Roche Albumin BCP,台灣羅氏醫療診斷設備股份有限公司,ROCHE DIAGNOSTICS GMBH,https://info.fda.gov.tw/MLMS/H0001D.aspx?Type=Lic&LicId=06022023
1,6,A 臨床化學及臨床毒理學,A1035 白蛋白試驗系統,衛署醫器輸字第023080號,111/01/10,羅氏可霸斯白蛋白第2代檢驗試劑,cobas c ALBT2,台灣羅氏醫療診斷設備股份有限公司,ROCHE DIAGNOSTICS GMBH,https://info.fda.gov.tw/MLMS/H0001D.aspx?Type=Lic&LicId=06023080
1,6,A 臨床化學及臨床毒理學,A1035 白蛋白試驗系統,衛署醫器輸字第023342號,116/03/02,羅氏可霸斯白蛋白第二代生化檢驗試劑,cobas c ALB2,台灣羅氏醫療診斷設備股份有限公司,ROCHE DIAGNOSTICS GMBH,https://info.fda.gov.tw/MLMS/H0001D.aspx?Type=Lic&LicId=06023342
1,6,A 臨床化學及臨床毒理學,A1035 白蛋白試驗系統,衛署醫器輸字第023463號,116/04/26,羅氏可霸斯白蛋白溴甲酚紫方法學檢驗試劑,cobas ALBP,台灣羅氏醫療診斷設備股份有限公司,ROCHE DIAGNOSTICS GMBH,https://info.fda.gov.tw/MLMS/H0001D.aspx?Type=Lic&LicId=06023463
1,6,A 臨床化學及臨床毒理學,A1035 白蛋白試驗系統,衛部醫器製字第004381號,112/12/24,天亮常規生化試劑盤二,skyla General Biochemistry Panel II,天亮醫療器材股份有限公司園區分公司,天亮醫療器材股份有限公司園區分公司,https://info.fda.gov.tw/MLMS/H0001D.aspx?Type=Lic&LicId=55004381
1,6,A 臨床化學及臨床毒理學,A1035 白蛋白試驗系統,衛部醫器製字第004382號,112/12/24,天亮肝功能試劑盤,skyla Liver Panel,天亮醫療器材股份有限公司園區分公司,天亮醫療器材股份有限公司園區分公司,https://info.fda.gov.tw/MLMS/H0001D.aspx?Type=Lic&LicId=55004382
1,6,A 臨床化學及臨床毒理學,A1035 白蛋白試驗系統,衛部醫器製字第004383號,112/12/24,天亮基本生化試劑盤,skyla Basic Biochemistry Panel,天亮醫療器材股份有限公司園區分公司,天亮醫療器材股份有限公司園區分公司,https://info.fda.gov.tw/MLMS/H0001D.aspx?Type=Lic&LicId=55004383
1,6,A 臨床化學及臨床毒理學,A1035 白蛋白試驗系統,衛部醫器製字第004386號,112/12/27,天亮肝功能試劑盤二,skyla Liver Panel II,天亮醫療器材股份有限公司園區分公司,天亮醫療器材股份有限公司園區分公司,https://info.fda.gov.tw/MLMS/H0001D.aspx?Type=Lic&LicId=55004386
1,6,A 臨床化學及臨床毒理學,A1035 白蛋白試驗系統,衛部醫器製字第004387號,112/12/27,天亮代謝試劑盤,skyla Metabolic Panel,天亮醫療器材股份有限公司園區分公司,天亮醫療器材股份有限公司園區分公司,https://info.fda.gov.tw/MLMS/H0001D.aspx?Type=Lic&LicId=55004387
1,6,A 臨床化學及臨床毒理學,A1035 白蛋白試驗系統,衛部醫器製字第004389號,112/12/27,天亮代謝試劑盤二,skyla Metabolic Panel II,天亮醫療器材股份有限公司園區分公司,天亮醫療器材股份有限公司園區分公司,https://info.fda.gov.tw/MLMS/H0001D.aspx?Type=Lic&LicId=55004389
1,6,A 臨床化學及臨床毒理學,A1035 白蛋白試驗系統,衛部醫器製字第004456號,113/03/13,天亮腎功能試劑盤,skyla Renal Panel,天亮醫療器材股份有限公司園區分公司,天亮醫療器材股份有限公司園區分公司,https://info.fda.gov.tw/MLMS/H0001D.aspx?Type=Lic&LicId=55004456
1,6,A 臨床化學及臨床毒理學,A1035 白蛋白試驗系統,衛部醫器製字第004936號,114/06/10,天亮急症試劑盤二,skyla ER Panel II,天亮醫療器材股份有限公司園區分公司,天亮醫療器材股份有限公司園區分公司,https://info.fda.gov.tw/MLMS/H0001D.aspx?Type=Lic&LicId=55004936
1,6,A 臨床化學及臨床毒理學,A1035 白蛋白試驗系統,衛部醫器製字第006485號,113/12/04,“生物艾科特”白蛋白試劑,“BioAccut” ALB Kit,東研實業股份有限公司,東研實業股份有限公司,https://info.fda.gov.tw/MLMS/H0001D.aspx?Type=Lic&LicId=55006485
1,6,A 臨床化學及臨床毒理學,A1035 白蛋白試驗系統,衛部醫器輸字第025866號,113/01/27,“美麗佳” 白蛋白試劑,“Medica” Albumin Reagent Kit (ALB),晃聖有限公司,MEDICA CORPORATION,https://info.fda.gov.tw/MLMS/H0001D.aspx?Type=Lic&LicId=56025866
1,6,A 臨床化學及臨床毒理學,A1035 白蛋白試驗系統,衛部醫器輸字第026259號,113/07/03,羅氏可霸斯白蛋白(BCP法)生化檢驗試劑,cobas c ALBP,台灣羅氏醫療診斷設備股份有限公司,ROCHE DIAGNOSTICS GMBH,https://info.fda.gov.tw/MLMS/H0001D.aspx?Type=Lic&LicId=56026259
1,6,A 臨床化學及臨床毒理學,A1035 白蛋白試驗系統,衛部醫器輸字第026816號,113/12/17,“西門子” 白蛋白BCP方法檢驗試劑組,ADVIA Chemistry Albumin BCP (ALBP),西門子醫療設備股份有限公司,SIEMENS HEALTHCARE DIAGNOSTICS INC.,https://info.fda.gov.tw/MLMS/H0001D.aspx?Type=Lic&LicId=56026816
1,6,A 臨床化學及臨床毒理學,A1035 白蛋白試驗系統,衛部醫器輸字第027340號,114/05/26,“露喜佳” 醣化白蛋白試劑,“Lucica” GA-L,東研實業股份有限公司,"ASAHI KASEI PHARMA CORPORATION OHITO DIAGNOSTICS PLANT, DIAGNOSTICS DEPARTMENT",https://info.fda.gov.tw/MLMS/H0001D.aspx?Type=Lic&LicId=56027340
1,6,A 臨床化學及臨床毒理學,A1035 白蛋白試驗系統,衛部醫器輸字第027683號,114/09/15,貝克曼庫爾特協康白蛋白試劑,Beckman Coulter SYNCHRON Systems Albumin Reagent,美商貝克曼庫爾特有限公司台灣分公司,BECKMAN COULTER INC.,https://info.fda.gov.tw/MLMS/H0001D.aspx?Type=Lic&LicId=56027683
1,6,A 臨床化學及臨床毒理學,A1035 白蛋白試驗系統,衛部醫器輸字第027695號,114/10/01,羅氏可霸斯白蛋白第二代生化檢驗試劑,cobas ALB2,台灣羅氏醫療診斷設備股份有限公司,ROCHE DIAGNOSTICS GMBH,https://info.fda.gov.tw/MLMS/H0001D.aspx?Type=Lic&LicId=56027695
1,6,A 臨床化學及臨床毒理學,A1035 白蛋白試驗系統,衛部醫器輸字第027705號,109/10/05,貝克曼庫爾特白蛋白測定試劑,Beckman Coulter Albumin,美商貝克曼庫爾特有限公司台灣分公司,BECKMAN COULTER IRELAND INC.,https://info.fda.gov.tw/MLMS/H0001D.aspx?Type=Lic&LicId=56027705
1,6,A 臨床化學及臨床毒理學,A1035 白蛋白試驗系統,衛部醫器輸字第027916號,109/11/27,貝克曼庫爾特尿液/腦脊髓液白蛋白試劑,Beckman Coulter Urine/CSF Albumin Reagent,美商貝克曼庫爾特有限公司台灣分公司,BECKMAN COULTER IRELAND INC.,https://info.fda.gov.tw/MLMS/H0001D.aspx?Type=Lic&LicId=56027916
1,6,A 臨床化學及臨床毒理學,A1035 白蛋白試驗系統,衛部醫器輸字第029328號,116/02/15,貝克曼庫爾特協康白蛋白試劑,BECKMAN COULTER SYNCHRON Systems Albumin (ALB) Reagent,美商貝克曼庫爾特有限公司台灣分公司,BECKMAN COULTER INC.,https://info.fda.gov.tw/MLMS/H0001D.aspx?Type=Lic&LicId=56029328
1,6,A 臨床化學及臨床毒理學,A1035 白蛋白試驗系統,衛部醫器輸字第029813號,116/07/31,貝克曼庫爾特白蛋白測定試劑,Beckman Coulter Albumin,美商貝克曼庫爾特有限公司台灣分公司,BECKMAN COULTER IRELAND INC.,https://info.fda.gov.tw/MLMS/H0001D.aspx?Type=Lic&LicId=56029813
1,6,A 臨床化學及臨床毒理學,A1035 白蛋白試驗系統,衛部醫器輸字第030480號,112/01/08,西門子白蛋白濃縮試劑組,ADVIA Chemistry Albumin Concentrated Reagents (ALB_c),西門子醫療設備股份有限公司,RANDOX LABORATORIES LTD.,https://info.fda.gov.tw/MLMS/H0001D.aspx?Type=Lic&LicId=56030480
1,6,A 臨床化學及臨床毒理學,A1035 白蛋白試驗系統,衛部醫器輸字第031330號,112/07/17,“西門子”白蛋白試劑,Atellica CH Albumin (Alb),西門子醫療設備股份有限公司,RANDOX LABORATORIES LTD.,https://info.fda.gov.tw/MLMS/H0001D.aspx?Type=Lic&LicId=56031330
1,6,A 臨床化學及臨床毒理學,A1035 白蛋白試驗系統,衛部醫器輸字第031344號,112/08/01,英諾千 糖化白蛋白檢測試劑,InnoChem Glycated Albumin Assay Kit,醫全實業股份有限公司,INNOVATION SCIENTIFIC PTY LTD.,https://info.fda.gov.tw/MLMS/H0001D.aspx?Type=Lic&LicId=56031344
1,6,A 臨床化學及臨床毒理學,A1035 白蛋白試驗系統,衛部醫器輸字第031416號,112/08/10,貝克曼庫爾特尿液/腦脊髓液白蛋白試劑,Beckman Coulter Urine/CSF Albumin Reagent,美商貝克曼庫爾特有限公司台灣分公司,BECKMAN COULTER IRELAND INC.,https://info.fda.gov.tw/MLMS/H0001D.aspx?Type=Lic&LicId=56031416
1,6,A 臨床化學及臨床毒理學,A1035 白蛋白試驗系統,衛部醫器輸字第032143號,113/01/24,亞培白蛋白BCP檢驗試劑組,Abbott Alinity c Albumin BCP Reagent Kit,美商亞培股份有限公司台灣分公司,"FISHER DIAGNOSTICS, A DIVISION OF FISHER SCIENTIFIC COMPANY, LLC, A PART OF THERMO FISHER SCIENTIFIC INC.",https://info.fda.gov.tw/MLMS/H0001D.aspx?Type=Lic&LicId=56032143
1,6,A 臨床化學及臨床毒理學,A1035 白蛋白試驗系統,衛部醫器輸字第032172號,113/02/13,亞培白蛋白BCG檢驗試劑組,Abbott Alinity c Albumin BCG Reagent Kit,美商亞培股份有限公司台灣分公司,"FISHER DIAGNOSTICS, A DIVISION OF FISHER SCIENTIFIC COMPANY, LLC, A PART OF THERMO FISHER SCIENTIFIC INC.",https://info.fda.gov.tw/MLMS/H0001D.aspx?Type=Lic&LicId=56032172
1,6,A 臨床化學及臨床毒理學,A1035 白蛋白試驗系統,衛部醫器輸字第032189號,113/02/26,邦迪斯歐普羅白蛋白分析套組,The Binding Site Optilite Albumin Kit,太暘生物科技股份有限公司,THE BINDING SITE GROUP LTD,https://info.fda.gov.tw/MLMS/H0001D.aspx?Type=Lic&LicId=56032189
1,6,A 臨床化學及臨床毒理學,A1035 白蛋白試驗系統,衛部醫器輸字第032436號,113/05/17,"""積水""諾魯帝亞醣化白蛋白試劑","""SEKISUI"" Norudia GA",元英企業股份有限公司,"SEKISUI MEDICAL CO., LTD TSUKUBA PLANT",https://info.fda.gov.tw/MLMS/H0001D.aspx?Type=Lic&LicId=56032436
1,6,A 臨床化學及臨床毒理學,A1035 白蛋白試驗系統,衛部醫器輸字第033700號,114/11/02,貝克曼庫爾特白蛋白BCP檢驗試劑,Beckman Coulter Albumin BCP,美商貝克曼庫爾特有限公司台灣分公司,SENTINEL CH. SPA,https://info.fda.gov.tw/MLMS/H0001D.aspx?Type=Lic&LicId=56033700
1,6,A 臨床化學及臨床毒理學,A1035 白蛋白試驗系統,衛部醫器輸字第034353號,115/01/26,聖提諾白蛋白試劑,Sentinel Albumin Liquid,東研實業股份有限公司,SENTINEL CH. SPA,https://info.fda.gov.tw/MLMS/H0001D.aspx?Type=Lic&LicId=56034353
1,6,A 臨床化學及臨床毒理學,A1035 白蛋白試驗系統,衛部醫器輸字第034635號,115/04/27,亞培臨床生化第二代白蛋白BCG檢驗試劑組,Abbott Clinical Chemistry Albumin BCG2,美商亞培股份有限公司台灣分公司,ABBOTT IRELAND DIAGNOSTICS DIVISION,https://info.fda.gov.tw/MLMS/H0001D.aspx?Type=Lic&LicId=56034635
1,6,A 臨床化學及臨床毒理學,A1035 白蛋白試驗系統,衛部醫器輸字第034638號,115/04/28,“日東紡” 白蛋白檢驗試劑,NITTOBO ALB R1,東研實業股份有限公司,"NITTOBO MEDICAL CO., LTD. MEDICAL DEVELOPMENT CENTER",https://info.fda.gov.tw/MLMS/H0001D.aspx?Type=Lic&LicId=56034638
1,6,A 臨床化學及臨床毒理學,A1035 白蛋白試驗系統,衛部醫器輸字第034672號,115/06/29,亞培臨床生化第二代白蛋白BCP檢驗試劑組,Abbott Clinical Chemistry Albumin BCP2,美商亞培股份有限公司台灣分公司,ABBOTT IRELAND DIAGNOSTICS DIVISION,https://info.fda.gov.tw/MLMS/H0001D.aspx?Type=Lic&LicId=56034672
1,6,A 臨床化學及臨床毒理學,A1035 白蛋白試驗系統,衛部醫器輸字第034885號,115/08/06,維特司生化產品白蛋白-總蛋白質試藥片,VITROS XT Chemistry Products ALB-TP Slides,台灣大昌華嘉股份有限公司,"ORTHO-CLINICAL DIAGNOSTICS, INC.",https://info.fda.gov.tw/MLMS/H0001D.aspx?Type=Lic&LicId=56034885
1,6,A 臨床化學及臨床毒理學,A1035 白蛋白試驗系統,衛部醫器輸字第034929號,116/01/03,亞培第二代白蛋白BCG檢驗試劑組,Abbott Alinity c Albumin BCG2,美商亞培股份有限公司台灣分公司,ABBOTT IRELAND DIAGNOSTICS DIVISION,https://info.fda.gov.tw/MLMS/H0001D.aspx?Type=Lic&LicId=56034929
1,6,A 臨床化學及臨床毒理學,A1035 白蛋白試驗系統,衛部醫器輸字第035208號,116/01/20,亞培第二代白蛋白BCP檢驗試劑組,Abbott Alinity c Albumin BCP2,美商亞培股份有限公司台灣分公司,ABBOTT IRELAND DIAGNOSTICS DIVISION,https://info.fda.gov.tw/MLMS/H0001D.aspx?Type=Lic&LicId=56035208
1,9,A 臨床化學及臨床毒理學,A1050 鹼性磷酸酶或同功酶試驗系統,衛署醫器製字第001991號,115/03/10,台塑鹼性磷酸/試劑,MeDiPro ALKALINE PHOSPHATASE TEST,台塑生醫科技股份有限公司,台塑生醫科技股份有限公司宜蘭廠,https://info.fda.gov.tw/MLMS/H0001D.aspx?Type=Lic&LicId=05001991
1,9,A 臨床化學及臨床毒理學,A1050 鹼性磷酸酶或同功酶試驗系統,衛署醫器輸字第015049號,109/11/27,關東化學鹼性磷酸酶試驗試劑,CicaLiquid ALP,醫全實業股份有限公司,"KANTO CHEMICAL CO., INC. ISEHARA FACTORY",https://info.fda.gov.tw/MLMS/H0001D.aspx?Type=Lic&LicId=06015049
1,9,A 臨床化學及臨床毒理學,A1050 鹼性磷酸酶或同功酶試驗系統,衛署醫器輸字第015073號,109/11/28,維特司生化產品鹼性磷酸酶桌上型試藥片,VITROS Chemistry Products ALKP DT Slides,台灣大昌華嘉股份有限公司,"ORTHO-CLINICAL DIAGNOSTICS, INC.",https://info.fda.gov.tw/MLMS/H0001D.aspx?Type=Lic&LicId=06015073
1,9,A 臨床化學及臨床毒理學,A1050 鹼性磷酸酶或同功酶試驗系統,衛署醫器輸字第015142號,114/11/30,"""德國虎瑪""鹼性磷酸酶檢驗試劑","""Human"" Alkaline phosphatase liquicolor",德醫生技有限公司,HUMAN GESELLSCHAFT FUR BIOCHEMICA UND DIAGNOSTICA MBH,https://info.fda.gov.tw/MLMS/H0001D.aspx?Type=Lic&LicId=06015142
1,9,A 臨床化學及臨床毒理學,A1050 鹼性磷酸酶或同功酶試驗系統,衛署醫器輸字第015319號,114/12/08,免疫特 骨鈣素試劑,IMMULITE Osteocalcin Reagent,西門子醫療設備股份有限公司,SIEMENS HEALTHCARE DIAGNOSTICS PRODUCTS LIMITED,https://info.fda.gov.tw/MLMS/H0001D.aspx?Type=Lic&LicId=06015319
1,9,A 臨床化學及臨床毒理學,A1050 鹼性磷酸酶或同功酶試驗系統,衛署醫器輸字第015489號,109/12/12,生物梅里埃鹼性磷酸酶測定試劑,bioMerieux Enzyline PAL Optimise,香港商生物梅里埃有限公司台灣分公司,BIOMERIEUX SA,https://info.fda.gov.tw/MLMS/H0001D.aspx?Type=Lic&LicId=06015489
1,9,A 臨床化學及臨床毒理學,A1050 鹼性磷酸酶或同功酶試驗系統,衛署醫器輸字第015525號,114/12/13,德賽.鹼性磷酸酶液體試劑盒,DiaSys Alkaline Phosphatase FS IFCC 37℃,嘉誠國際醫事服務顧問有限公司,DIASYS DIAGNOSTIC SYSTEMS GMBH,https://info.fda.gov.tw/MLMS/H0001D.aspx?Type=Lic&LicId=06015525
1,9,A 臨床化學及臨床毒理學,A1050 鹼性磷酸酶或同功酶試驗系統,衛署醫器輸字第015564號,114/12/14,富士-測定鹼性磷酸酶乾式試片,FUJI DRI-CHEM Slide ALP-P III,恆昶實業股份有限公司,"FUJIFILM Techno Products CO., LTD Ashigara Site",https://info.fda.gov.tw/MLMS/H0001D.aspx?Type=Lic&LicId=06015564
1,9,A 臨床化學及臨床毒理學,A1050 鹼性磷酸酶或同功酶試驗系統,衛署醫器輸字第015777號,114/12/27,羅氏瑞弗聰乾式生化鹼性磷酸/檢驗試劑,Roflotron Alkal. Phosphatase,台灣羅氏醫療診斷設備股份有限公司,ROCHE DIAGNOSTICS GMBH,https://info.fda.gov.tw/MLMS/H0001D.aspx?Type=Lic&LicId=06015777
1,9,A 臨床化學及臨床毒理學,A1050 鹼性磷酸酶或同功酶試驗系統,衛署醫器輸字第015856號,115/01/09,"""愛科來""鹼性磷酸酶檢測試紙","Spotchem II ALP Reagent Strip ""Arkray""",生展生物科技股份有限公司,"ARKRAY Factory, Inc., Head office factory",https://info.fda.gov.tw/MLMS/H0001D.aspx?Type=Lic&LicId=06015856
1,9,A 臨床化學及臨床毒理學,A1050 鹼性磷酸酶或同功酶試驗系統,衛署醫器輸字第017181號,115/07/03,海倫那鹼性磷酸每同功異構每試劑,Helena Alkaline Phosphatase Isoenzyme Reagent.,上力興業股份有限公司,Helena Laboratories Corp.,https://info.fda.gov.tw/MLMS/H0001D.aspx?Type=Lic&LicId=06017181
1,9,A 臨床化學及臨床毒理學,A1050 鹼性磷酸酶或同功酶試驗系統,衛署醫器輸字第018998號,112/04/14,羅氏可霸斯c 111鹼性磷酸酶第2代IFCC方法試劑,cobas c 111 ALP2S,台灣羅氏醫療診斷設備股份有限公司,ROCHE DIAGNOSTICS GMBH,https://info.fda.gov.tw/MLMS/H0001D.aspx?Type=Lic&LicId=06018998
1,9,A 臨床化學及臨床毒理學,A1050 鹼性磷酸酶或同功酶試驗系統,衛署醫器輸字第019984號,113/04/09,“西門子”鹼性磷酸每 (二乙醇胺法) 試劑組,ADVIA Chemistry Alkaline Phosphatase (ALPDEA),西門子醫療設備股份有限公司,RANDOX LABORATORIES LTD.,https://info.fda.gov.tw/MLMS/H0001D.aspx?Type=Lic&LicId=06019984
1,9,A 臨床化學及臨床毒理學,A1050 鹼性磷酸酶或同功酶試驗系統,衛署醫器輸字第019994號,113/04/17,和光鹼性磷酸酶試劑,Wako L-Type ALP-J2,醫全實業股份有限公司,FUJIFILM WAKO PURE CHEMICAL CORPORATION MIE PLANT,https://info.fda.gov.tw/MLMS/H0001D.aspx?Type=Lic&LicId=06019994
1,9,A 臨床化學及臨床毒理學,A1050 鹼性磷酸酶或同功酶試驗系統,衛署醫器輸字第021527號,114/09/06,禮亞尚骨鈣素檢測試劑,LIAISON &reg; Osteocalcin,太暘生物科技股份有限公司,DIASORIN INC.,https://info.fda.gov.tw/MLMS/H0001D.aspx?Type=Lic&LicId=06021527
1,9,A 臨床化學及臨床毒理學,A1050 鹼性磷酸酶或同功酶試驗系統,衛署醫器輸字第023056號,115/12/07,羅氏可霸斯鹼性磷酸酶第二代生化檢驗試劑,cobas c ALP2,台灣羅氏醫療診斷設備股份有限公司,ROCHE DIAGNOSTICS GMBH,https://info.fda.gov.tw/MLMS/H0001D.aspx?Type=Lic&LicId=06023056
1,9,A 臨床化學及臨床毒理學,A1050 鹼性磷酸酶或同功酶試驗系統,衛署醫器輸字第024281號,111/12/03,羅氏免疫分析骨鈣素檢驗試劑,Elecsys N-MID Osteocalcin,台灣羅氏醫療診斷設備股份有限公司,ROCHE DIAGNOSTICS GMBH,https://info.fda.gov.tw/MLMS/H0001D.aspx?Type=Lic&LicId=06024281
1,9,A 臨床化學及臨床毒理學,A1050 鹼性磷酸酶或同功酶試驗系統,衛署醫器輸字第024306號,111/12/26,禮亞尚骨質鹼性磷酸酶檢測試劑,LIAISON BAP OSTASE,太暘生物科技股份有限公司,DIASORIN INC.,https://info.fda.gov.tw/MLMS/H0001D.aspx?Type=Lic&LicId=06024306
1,9,A 臨床化學及臨床毒理學,A1050 鹼性磷酸酶或同功酶試驗系統,衛部醫器製字第004164號,112/09/12,朕江鹼性磷酸酶試劑套組,LANNER Alkaline Phosphatase Reagent Kit,朕江生物科技股份有限公司,朕江生物科技股份有限公司,https://info.fda.gov.tw/MLMS/H0001D.aspx?Type=Lic&LicId=55004164
1,9,A 臨床化學及臨床毒理學,A1050 鹼性磷酸酶或同功酶試驗系統,衛部醫器製字第004382號,112/12/24,天亮肝功能試劑盤,skyla Liver Panel,天亮醫療器材股份有限公司園區分公司,天亮醫療器材股份有限公司園區分公司,https://info.fda.gov.tw/MLMS/H0001D.aspx?Type=Lic&LicId=55004382
1,9,A 臨床化學及臨床毒理學,A1050 鹼性磷酸酶或同功酶試驗系統,衛部醫器製字第006484號,113/12/04,“生物艾科特” 鹼性磷酸酶試劑,“BioAccut” ALP Kit,東研實業股份有限公司,東研實業股份有限公司,https://info.fda.gov.tw/MLMS/H0001D.aspx?Type=Lic&LicId=55006484
1,9,A 臨床化學及臨床毒理學,A1050 鹼性磷酸酶或同功酶試驗系統,衛部醫器輸字第025867號,113/01/27,“美麗佳” 鹼性磷酸酶試劑,“Medica” Alkaline Phosphatase Reagent Kit (ALP),晃聖有限公司,MEDICA CORPORATION,https://info.fda.gov.tw/MLMS/H0001D.aspx?Type=Lic&LicId=56025867
1,9,A 臨床化學及臨床毒理學,A1050 鹼性磷酸酶或同功酶試驗系統,衛部醫器輸字第025883號,113/02/10,維特司生化產品鹼性磷酸酶試藥片,VITROS Chemistry Products ALKP Slides,台灣大昌華嘉股份有限公司,"ORTHO-CLINICAL DIAGNOSTICS, INC.",https://info.fda.gov.tw/MLMS/H0001D.aspx?Type=Lic&LicId=56025883
1,9,A 臨床化學及臨床毒理學,A1050 鹼性磷酸酶或同功酶試驗系統,衛部醫器輸字第026260號,113/07/03,羅氏可霸斯鹼性磷酸酶第二代生化檢驗試劑,cobas ALP2,台灣羅氏醫療診斷設備股份有限公司,ROCHE DIAGNOSTICS GMBH,https://info.fda.gov.tw/MLMS/H0001D.aspx?Type=Lic&LicId=56026260
1,9,A 臨床化學及臨床毒理學,A1050 鹼性磷酸酶或同功酶試驗系統,衛部醫器輸字第026712號,113/10/08,免疫特二千骨鈣素檢驗試劑組,IMMULITE 2000 Osteocalcin,西門子醫療設備股份有限公司,SIEMENS HEALTHCARE DIAGNOSTICS PRODUCTS LTD.,https://info.fda.gov.tw/MLMS/H0001D.aspx?Type=Lic&LicId=56026712
1,9,A 臨床化學及臨床毒理學,A1050 鹼性磷酸酶或同功酶試驗系統,衛部醫器輸字第027702號,109/10/05,貝克曼庫爾特鹼性磷酸酶測定試劑,Beckman Coulter ALP,美商貝克曼庫爾特有限公司台灣分公司,BECKMAN COULTER IRELAND INC.,https://info.fda.gov.tw/MLMS/H0001D.aspx?Type=Lic&LicId=56027702
1,9,A 臨床化學及臨床毒理學,A1050 鹼性磷酸酶或同功酶試驗系統,衛部醫器輸字第028328號,115/04/12,“西門子”第二代鹼性磷酸酶濃縮試劑組,ADVIA Chemistry Alkaline Phosphatase 2 Concentrated Reagents (ALP_2c),西門子醫療設備股份有限公司,RANDOX LABORATORIES LTD.,https://info.fda.gov.tw/MLMS/H0001D.aspx?Type=Lic&LicId=56028328
1,9,A 臨床化學及臨床毒理學,A1050 鹼性磷酸酶或同功酶試驗系統,衛部醫器輸字第029178號,115/12/29,貝克曼庫爾特協康鹼性磷酸酶試劑,BECKMAN COULTER SYNCHRON Systems Alkaline Phosphatase (ALP) Reagent,美商貝克曼庫爾特有限公司台灣分公司,BECKMAN COULTER INC.,https://info.fda.gov.tw/MLMS/H0001D.aspx?Type=Lic&LicId=56029178
1,9,A 臨床化學及臨床毒理學,A1050 鹼性磷酸酶或同功酶試驗系統,衛部醫器輸字第030471號,111/12/15,“賽比亞” 凝膠鹼性磷酸酶同功酶電泳套組,“Sebia” Hydragel ISO-PAL,成信新貿易股份有限公司,SEBIA,https://info.fda.gov.tw/MLMS/H0001D.aspx?Type=Lic&LicId=56030471
1,9,A 臨床化學及臨床毒理學,A1050 鹼性磷酸酶或同功酶試驗系統,衛部醫器輸字第031323號,112/07/12,“西門子”鹼性磷酸酶試劑組,“Siemens” Atellica CH Alkaline Phosphatase Concentrated,西門子醫療設備股份有限公司,RANDOX LABORATORIES LTD.,https://info.fda.gov.tw/MLMS/H0001D.aspx?Type=Lic&LicId=56031323
1,9,A 臨床化學及臨床毒理學,A1050 鹼性磷酸酶或同功酶試驗系統,衛部醫器輸字第031462號,112/09/13,英諾千 鹼性磷酸酶檢測試劑盒,Innochem Alkaline Phosphatase(ALP)Assay Kit,醫全實業股份有限公司,INNOVATION SCIENTIFIC PTY LTD.,https://info.fda.gov.tw/MLMS/H0001D.aspx?Type=Lic&LicId=56031462
1,9,A 臨床化學及臨床毒理學,A1050 鹼性磷酸酶或同功酶試驗系統,衛部醫器輸字第031778號,112/11/06,亞培鹼性磷酸酶檢驗試劑組,Abbott Alinity c Alkaline Phosphatase Reagent Kit,美商亞培股份有限公司台灣分公司,"FISHER DIAGNOSTICS, A DIVISION OF FISHER SCIENTIFIC COMPANY, LLC, A PART OF THERMO FISHER SCIENTIFIC INC.",https://info.fda.gov.tw/MLMS/H0001D.aspx?Type=Lic&LicId=56031778
1,9,A 臨床化學及臨床毒理學,A1050 鹼性磷酸酶或同功酶試驗系統,衛部醫器輸字第033466號,114/04/08,“德信”鹼性磷酸酶檢驗試劑,“Diasys” Alkaline phosphatase FS,東研實業股份有限公司,DIASYS DIAGNOSTIC SYSTEMS GMBH,https://info.fda.gov.tw/MLMS/H0001D.aspx?Type=Lic&LicId=56033466
1,9,A 臨床化學及臨床毒理學,A1050 鹼性磷酸酶或同功酶試驗系統,衛部醫器輸字第035217號,116/02/08,維特司生化產品總膽紅素-鹼性磷酸酶試藥片,VITROS XT Chemistry Products TBIL-ALKP Slides,台灣大昌華嘉股份有限公司,"ORTHO-CLINICAL DIAGNOSTICS, INC.",https://info.fda.gov.tw/MLMS/H0001D.aspx?Type=Lic&LicId=56035217
1,12,A 臨床化學及臨床毒理學,A1065 血氨試驗系統,衛署醫器輸字第021374號,114/08/03,聖提諾氨試劑,Sentinel Ammonia Ultra,東研實業股份有限公司,SENTINEL CH. SPA,https://info.fda.gov.tw/MLMS/H0001D.aspx?Type=Lic&LicId=06021374
1,12,A 臨床化學及臨床毒理學,A1065 血氨試驗系統,衛署醫器輸字第024310號,112/01/03,勝提諾氨檢驗試劑組,AMMONIA ULTRA,美商亞培股份有限公司台灣分公司,SENTINEL CH. SPA,https://info.fda.gov.tw/MLMS/H0001D.aspx?Type=Lic&LicId=06024310
1,12,A 臨床化學及臨床毒理學,A1065 血氨試驗系統,衛署醫器輸壹字第000276號,114/07/27,維特司生化產品氨試藥片(未滅菌),VITROS CHEMISTRY PRODUCTS AMON SLIDES (Non-sterile),台灣大昌華嘉股份有限公司,"ORTHO-CLINICAL DIAGNOSTICS, INC.",https://info.fda.gov.tw/MLMS/H0001D.aspx?Type=Lic&LicId=44000276
1,12,A 臨床化學及臨床毒理學,A1065 血氨試驗系統,衛署醫器輸壹字第000406號,114/09/09,關東化學血氨試驗試劑 (未滅菌),Kanto Chemical NH3(Non-Sterile),醫全實業股份有限公司,"KANTO CHEMICAL CO., INC. ISEHARA FACTORY",https://info.fda.gov.tw/MLMS/H0001D.aspx?Type=Lic&LicId=44000406
1,12,A 臨床化學及臨床毒理學,A1065 血氨試驗系統,衛署醫器輸壹字第000505號,114/09/20,"""愛科來"" 血氨檢測試紙(未滅菌)","Ammonia Test Kit II ""Arkray""(Non-Sterile)",生展生物科技股份有限公司,"Arkray Factory Inc., Head office factory",https://info.fda.gov.tw/MLMS/H0001D.aspx?Type=Lic&LicId=44000505
1,12,A 臨床化學及臨床毒理學,A1065 血氨試驗系統,衛署醫器輸壹字第000841號,109/10/11,維特司生化產品氨桌上型試藥片(未滅菌),VITROS Chemistry Products NH3 DT Slides (Non-sterile),台灣大昌華嘉股份有限公司,"ORTHO-CLINICAL DIAGNOSTICS, INC.",https://info.fda.gov.tw/MLMS/H0001D.aspx?Type=Lic&LicId=44000841
1,12,A 臨床化學及臨床毒理學,A1065 血氨試驗系統,衛署醫器輸壹字第000908號,114/10/13,富士測定血中氨濃度乾式試片 (未滅菌),FUJI DRI-CHEM Slide NH3 (Non-Sterile),恆昶實業股份有限公司,"FUJIFILM Techno Products CO.,LTD",https://info.fda.gov.tw/MLMS/H0001D.aspx?Type=Lic&LicId=44000908
1,12,A 臨床化學及臨床毒理學,A1065 血氨試驗系統,衛署醫器輸壹字第005867號,116/05/21,“西門子”血氨試驗試劑（未滅菌）,Advia chemistry -Ammonia (AMM) (Non-sterile),西門子醫療設備股份有限公司,RANDOX LABORATORIES LTD.,https://info.fda.gov.tw/MLMS/H0001D.aspx?Type=Lic&LicId=44005867
1,12,A 臨床化學及臨床毒理學,A1065 血氨試驗系統,衛署醫器輸壹字第006555號,112/03/06,羅氏可霸斯 c 111 血氨檢驗試劑(未滅菌),"""Roche"" cobas c 111 NH3L (Non-Sterile)",台灣羅氏醫療診斷設備股份有限公司,ROCHE DIAGNOSTICS GMBH,https://info.fda.gov.tw/MLMS/H0001D.aspx?Type=Lic&LicId=44006555
1,12,A 臨床化學及臨床毒理學,A1065 血氨試驗系統,衛署醫器輸壹字第009047號,109/08/05,"""愛科來"" 氨測定儀 (未滅菌)","""ARKRAY"" PocketChem BA (Non-Sterile)",生展生物科技股份有限公司,"Arkray Factory Inc., Head office factory",https://info.fda.gov.tw/MLMS/H0001D.aspx?Type=Lic&LicId=44009047
1,12,A 臨床化學及臨床毒理學,A1065 血氨試驗系統,衛署醫器輸壹字第009708號,114/12/20,日東紡氨液狀試劑（未滅菌）,NITTOBO N-TEST L NH3（Non-Sterile）,東研實業股份有限公司,"NITTOBO MEDICAL CO., LTD. MEDICAL DEVELOPMENT CENTER",https://info.fda.gov.tw/MLMS/H0001D.aspx?Type=Lic&LicId=44009708
1,12,A 臨床化學及臨床毒理學,A1065 血氨試驗系統,衛部醫器輸字第028419號,115/05/06,貝克曼庫爾特協康系統氨試劑,Beckman Coulter SYNCHRON Systems Ammonia Reagent,美商貝克曼庫爾特有限公司台灣分公司,BECKMAN COULTER INC.,https://info.fda.gov.tw/MLMS/H0001D.aspx?Type=Lic&LicId=56028419
1,12,A 臨床化學及臨床毒理學,A1065 血氨試驗系統,衛部醫器輸字第029197號,116/01/20,貝克曼庫爾特氨試劑,Beckman Coulter Infinity Ammonia Reagent,美商貝克曼庫爾特有限公司台灣分公司,"Fisher Diagnostics A Division of Fisher Scientific Company LLC, A Part of Thermo Fisher Scientific Inc.",https://info.fda.gov.tw/MLMS/H0001D.aspx?Type=Lic&LicId=56029197
1,12,A 臨床化學及臨床毒理學,A1065 血氨試驗系統,衛部醫器製壹字第005026號,108/01/24,"""瑞泰"" 血氨試劑（未滅菌）","""Moldetec"" Ammonia Test (Non-sterile)",瑞泰生物科技有限公司,瑞泰生物科技有限公司,https://info.fda.gov.tw/MLMS/H0001D.aspx?Type=Lic&LicId=93005026
1,12,A 臨床化學及臨床毒理學,A1065 血氨試驗系統,衛部醫器製壹字第008164號,114/02/04,"""生物艾科特""血氨試劑 (未滅菌)","""BioAccut"" Ammonia (NH3) (Non-Sterile)",東研實業股份有限公司,東研實業股份有限公司,https://info.fda.gov.tw/MLMS/H0001D.aspx?Type=Lic&LicId=93008164
1,12,A 臨床化學及臨床毒理學,A1065 血氨試驗系統,衛部醫器輸壹字第013607號,112/11/20,“德曼遜”氨弗列克斯試劑組 (未滅菌),“Dimension” AMM Flex reagent cartridge (Non-Sterile),西門子醫療設備股份有限公司,SIEMENS HEALTHCARE DIAGNOSTICS INC.,https://info.fda.gov.tw/MLMS/H0001D.aspx?Type=Lic&LicId=94013607
1,12,A 臨床化學及臨床毒理學,A1065 血氨試驗系統,衛部醫器輸壹字第014994號,114/03/11,"""富士"" 血氨分析儀 (未滅菌)","""FUJI"" DRI-CHEM NX10N Ammonia Analyzer (Non-sterile)",恆昶實業股份有限公司,"FUJIFILM TECHNO PRODUCTS CO., LTD. TOHOKU FACTORY HANAMAKI SITE",https://info.fda.gov.tw/MLMS/H0001D.aspx?Type=Lic&LicId=94014994
1,12,A 臨床化學及臨床毒理學,A1065 血氨試驗系統,衛部醫器輸壹字第016052號,115/01/06,"""愛科來"" 氨測定儀 (未滅菌)","""Arkray"" PocketChem BA (Non-Sterile)",生展生物科技股份有限公司,"Arkray Factory Inc., Head office factory",https://info.fda.gov.tw/MLMS/H0001D.aspx?Type=Lic&LicId=94016052
1,12,A 臨床化學及臨床毒理學,A1065 血氨試驗系統,衛部醫器輸壹字第018117號,116/07/27,"""西門子"" 血氨試驗試劑 (未滅菌)","""Siemens Atellica"" Ammonia (AMM) (Non-Sterile)",西門子醫療設備股份有限公司,SIEMENS HEALTHCARE DIAGNOSTICS INC.,https://info.fda.gov.tw/MLMS/H0001D.aspx?Type=Lic&LicId=94018117
1,12,A 臨床化學及臨床毒理學,A1065 血氨試驗系統,衛部醫器輸壹字第018728號,112/01/17,"""聖提諾""血氨檢驗試劑組(未滅菌)","""Sentinel"" Ammonia Ultra Reagent Kit (Non-Sterile)",美商亞培股份有限公司台灣分公司,SENTINEL CH. SPA,https://info.fda.gov.tw/MLMS/H0001D.aspx?Type=Lic&LicId=94018728
1,12,A 臨床化學及臨床毒理學,A1065 血氨試驗系統,衛部醫器輸壹字第018935號,112/03/28,"""醫全"" 血氨檢驗試劑 (未滅菌)","""Innovation"" Ammonia test reagent (Non-sterile)",醫全實業股份有限公司,INNOVATION SCIENTIFIC PTY LTD.,https://info.fda.gov.tw/MLMS/H0001D.aspx?Type=Lic&LicId=94018935
1,12,A 臨床化學及臨床毒理學,A1065 血氨試驗系統,衛部醫器輸壹字第019439號,112/08/02,"""瑞德士"" 血氨試劑 (未滅菌)","""Randox"" Ammonia (NH3) (Non-Sterile)",元英企業股份有限公司,RANDOX LABORATORIES LTD.,https://info.fda.gov.tw/MLMS/H0001D.aspx?Type=Lic&LicId=94019439
1,12,A 臨床化學及臨床毒理學,A1065 血氨試驗系統,衛部醫器輸壹字第020729號,113/08/05,羅氏可霸斯血氨生化檢驗試劑 (未滅菌),cobas c Ammonia test system (Non-Sterile),台灣羅氏醫療診斷設備股份有限公司,ROCHE DIAGNOSTICS GMBH,https://info.fda.gov.tw/MLMS/H0001D.aspx?Type=Lic&LicId=94020729
1,12,A 臨床化學及臨床毒理學,A1065 血氨試驗系統,衛部醫器輸壹字第020942號,113/10/14,"""西門子"" 血氨試驗試劑 (未滅菌)","""Siemens Atellica"" Ammonia (AMM) (Non-Sterile)",西門子醫療設備股份有限公司,SEKISUI DIAGNOSTICS P.E.I. INC.,https://info.fda.gov.tw/MLMS/H0001D.aspx?Type=Lic&LicId=94020942
1,13,A 臨床化學及臨床毒理學,A1070 澱粉酶試驗系統,衛署醫器製字第001983號,115/03/08,台塑澱粉酶試劑,MeDiPro α-AMYLASE TEST,台塑生醫科技股份有限公司,台塑生醫科技股份有限公司宜蘭廠,https://info.fda.gov.tw/MLMS/H0001D.aspx?Type=Lic&LicId=05001983
1,13,A 臨床化學及臨床毒理學,A1070 澱粉酶試驗系統,衛署醫器輸字第014806號,114/11/18,"""德國虎瑪""澱粉酶檢驗試劑","""Human"" a-Amylase liquicolor",德醫生技有限公司,HUMAN GESELLSCHAFT FUR BIOCHEMICA UND DIAGNOSTICA MBH,https://info.fda.gov.tw/MLMS/H0001D.aspx?Type=Lic&LicId=06014806
1,13,A 臨床化學及臨床毒理學,A1070 澱粉酶試驗系統,衛署醫器輸字第015234號,114/12/05,羅氏瑞弗聰乾式生化澱粉酶檢驗試劑,Reflotron Amylase,台灣羅氏醫療診斷設備股份有限公司,ROCHE DIAGNOSTICS GMBH,https://info.fda.gov.tw/MLMS/H0001D.aspx?Type=Lic&LicId=06015234
1,13,A 臨床化學及臨床毒理學,A1070 澱粉酶試驗系統,衛署醫器輸字第015725號,114/12/22,"""愛科來"" 澱粉水解酵素檢測試紙","Spotchem II Amylase Reagent Strip ""Arkray""",生展生物科技股份有限公司,"ARKRAY Factory, Inc., Head office factory",https://info.fda.gov.tw/MLMS/H0001D.aspx?Type=Lic&LicId=06015725
1,13,A 臨床化學及臨床毒理學,A1070 澱粉酶試驗系統,衛署醫器輸字第015738號,114/12/23,德賽α-澱粉酶液體試劑盒,DiaSys Alpha-Amylase CC FS,嘉誠國際醫事服務顧問有限公司,DIASYS DIAGNOSTIC SYSTEMS GMBH,https://info.fda.gov.tw/MLMS/H0001D.aspx?Type=Lic&LicId=06015738
1,13,A 臨床化學及臨床毒理學,A1070 澱粉酶試驗系統,衛署醫器輸字第015896號,115/01/17,和光澱粉/,Wako L-Type Amylase,醫全實業股份有限公司,FUJIFILM WAKO PURE CHEMICAL CORPORATION MIE PLANT,https://info.fda.gov.tw/MLMS/H0001D.aspx?Type=Lic&LicId=06015896
1,13,A 臨床化學及臨床毒理學,A1070 澱粉酶試驗系統,衛署醫器輸字第016059號,115/02/27,富士測定澱粉/乾式試片,FUJI DRI-CHEM Slide AMYL-PIII,恆昶實業股份有限公司,"FUJIFILM Techno Products CO., LTD Ashigara Site",https://info.fda.gov.tw/MLMS/H0001D.aspx?Type=Lic&LicId=06016059
1,13,A 臨床化學及臨床毒理學,A1070 澱粉酶試驗系統,衛署醫器輸字第017828號,115/12/13,亞培臨床生化澱粉酶檢驗試劑組,ABBOTT Clinical Chemistry Amylase,美商亞培股份有限公司台灣分公司,SEKISUI DIAGNOSTICS P.E.I. INC.,https://info.fda.gov.tw/MLMS/H0001D.aspx?Type=Lic&LicId=06017828
1,13,A 臨床化學及臨床毒理學,A1070 澱粉酶試驗系統,衛署醫器輸字第018932號,112/01/22,“西門子”澱粉每試劑組,ADVIA Chemistry Amylase Reagents,西門子醫療設備股份有限公司,RANDOX LABORATORIES LTD.,https://info.fda.gov.tw/MLMS/H0001D.aspx?Type=Lic&LicId=06018932
1,13,A 臨床化學及臨床毒理學,A1070 澱粉酶試驗系統,衛署醫器輸字第023456號,116/04/23,羅氏可霸斯胰臟α-澱粉酶EPS法檢驗試劑,cobas c AMY-P,台灣羅氏醫療診斷設備股份有限公司,ROCHE DIAGNOSTICS GMBH,https://info.fda.gov.tw/MLMS/H0001D.aspx?Type=Lic&LicId=06023456
1,13,A 臨床化學及臨床毒理學,A1070 澱粉酶試驗系統,衛署醫器輸字第023457號,116/04/23,羅氏可霸斯α-澱粉酶EPS法檢驗試劑第二代,cobas c AMYL2,台灣羅氏醫療診斷設備股份有限公司,ROCHE DIAGNOSTICS GMBH,https://info.fda.gov.tw/MLMS/H0001D.aspx?Type=Lic&LicId=06023457
1,13,A 臨床化學及臨床毒理學,A1070 澱粉酶試驗系統,衛部醫器製字第004170號,112/10/16,朕江α-澱粉酶試劑套組,LANNER α-Amylase Reagent Kit/α-AMY,朕江生物科技股份有限公司,朕江生物科技股份有限公司,https://info.fda.gov.tw/MLMS/H0001D.aspx?Type=Lic&LicId=55004170
1,13,A 臨床化學及臨床毒理學,A1070 澱粉酶試驗系統,衛部醫器製字第004936號,114/06/10,天亮急症試劑盤二,skyla ER Panel II,天亮醫療器材股份有限公司園區分公司,天亮醫療器材股份有限公司園區分公司,https://info.fda.gov.tw/MLMS/H0001D.aspx?Type=Lic&LicId=55004936
1,13,A 臨床化學及臨床毒理學,A1070 澱粉酶試驗系統,衛部醫器製字第006480號,113/11/19,“生物艾科特”澱粉酶試劑,“BioAccut”AMY Kit,東研實業股份有限公司,東研實業股份有限公司,https://info.fda.gov.tw/MLMS/H0001D.aspx?Type=Lic&LicId=55006480
1,13,A 臨床化學及臨床毒理學,A1070 澱粉酶試驗系統,衛部醫器輸字第025523號,112/10/02,勝提諾胰臟澱粉酶檢驗試劑組,SENTINEL PANCREATIC AMYLASE,美商亞培股份有限公司台灣分公司,SENTINEL CH. SPA,https://info.fda.gov.tw/MLMS/H0001D.aspx?Type=Lic&LicId=56025523
1,13,A 臨床化學及臨床毒理學,A1070 澱粉酶試驗系統,衛部醫器輸字第025868號,113/01/27,“美麗佳” 澱粉酶試劑,“Medica” Amylase Reagent Kit (AMY),晃聖有限公司,MEDICA CORPORATION,https://info.fda.gov.tw/MLMS/H0001D.aspx?Type=Lic&LicId=56025868
1,13,A 臨床化學及臨床毒理學,A1070 澱粉酶試驗系統,衛部醫器輸字第025884號,113/02/10,維特司生化產品澱粉酶試藥片,VITROS Chemistry Products AMYL Slides,台灣大昌華嘉股份有限公司,"ORTHO-CLINICAL DIAGNOSTICS, INC.",https://info.fda.gov.tw/MLMS/H0001D.aspx?Type=Lic&LicId=56025884
1,13,A 臨床化學及臨床毒理學,A1070 澱粉酶試驗系統,衛部醫器輸字第026087號,113/05/22,羅氏可霸斯胰臟α-澱粉酶(EPS法)生化檢驗試劑,cobas c AMY-P,台灣羅氏醫療診斷設備股份有限公司,ROCHE DIAGNOSTICS GMBH,https://info.fda.gov.tw/MLMS/H0001D.aspx?Type=Lic&LicId=56026087
1,13,A 臨床化學及臨床毒理學,A1070 澱粉酶試驗系統,衛部醫器輸字第026097號,108/06/05,貝克曼庫爾特澱粉酶測定試劑,Beckman Coulter α-Amylase,美商貝克曼庫爾特有限公司台灣分公司,BECKMAN COULTER IRELAND INC.,https://info.fda.gov.tw/MLMS/H0001D.aspx?Type=Lic&LicId=56026097
1,13,A 臨床化學及臨床毒理學,A1070 澱粉酶試驗系統,衛部醫器輸字第026283號,113/07/25,羅氏可霸斯α-澱粉酶第二代生化檢驗試劑,cobas c AMYL2,台灣羅氏醫療診斷設備股份有限公司,ROCHE DIAGNOSTICS GMBH,https://info.fda.gov.tw/MLMS/H0001D.aspx?Type=Lic&LicId=56026283
1,13,A 臨床化學及臨床毒理學,A1070 澱粉酶試驗系統,衛部醫器輸字第026521號,113/09/09,羅氏可霸斯胰臟α-澱粉酶(EPS法)生化檢驗試劑,cobas AMY-P,台灣羅氏醫療診斷設備股份有限公司,ROCHE DIAGNOSTICS GMBH,https://info.fda.gov.tw/MLMS/H0001D.aspx?Type=Lic&LicId=56026521
1,13,A 臨床化學及臨床毒理學,A1070 澱粉酶試驗系統,衛部醫器輸字第027681號,109/09/15,貝克曼庫爾特澱粉酶測定試劑,Beckman Coulter α-Amylase,美商貝克曼庫爾特有限公司台灣分公司,BECKMAN COULTER IRELAND INC.,https://info.fda.gov.tw/MLMS/H0001D.aspx?Type=Lic&LicId=56027681
1,13,A 臨床化學及臨床毒理學,A1070 澱粉酶試驗系統,衛部醫器輸字第028959號,115/11/18,貝克曼庫爾特協康澱粉酶試劑,BECKMAN COULTER SYNCHRON Systems Amylase (AMY7) Reagent,美商貝克曼庫爾特有限公司台灣分公司,BECKMAN COULTER INC.,https://info.fda.gov.tw/MLMS/H0001D.aspx?Type=Lic&LicId=56028959
1,13,A 臨床化學及臨床毒理學,A1070 澱粉酶試驗系統,衛部醫器輸字第029311號,116/01/26,貝克曼庫爾特協康胰臟澱粉酶試劑,BECKMAN COULTER SYNCHRON Systems Pancreatic Amylase Reagent (PAM),美商貝克曼庫爾特有限公司台灣分公司,BECKMAN COULTER INC.,https://info.fda.gov.tw/MLMS/H0001D.aspx?Type=Lic&LicId=56029311
1,13,A 臨床化學及臨床毒理學,A1070 澱粉酶試驗系統,衛部醫器輸字第029512號,116/03/10,貝克曼庫爾特澱粉酶測定試劑,Beckman Coulter α-Amylase,美商貝克曼庫爾特有限公司台灣分公司,BECKMAN COULTER IRELAND INC.,https://info.fda.gov.tw/MLMS/H0001D.aspx?Type=Lic&LicId=56029512
1,13,A 臨床化學及臨床毒理學,A1070 澱粉酶試驗系統,衛部醫器輸字第031329號,112/07/25,“德信”澱粉酶檢驗試劑,“Diasys”α-Amylase CC FS,東研實業股份有限公司,DIASYS DIAGNOSTIC SYSTEMS GMBH,https://info.fda.gov.tw/MLMS/H0001D.aspx?Type=Lic&LicId=56031329
1,13,A 臨床化學及臨床毒理學,A1070 澱粉酶試驗系統,衛部醫器輸字第031422號,112/08/15,“西門子” 澱粉酶分析試劑組,“Siemens”Atellica CH Amylase,西門子醫療設備股份有限公司,RANDOX LABORATORIES LTD.,https://info.fda.gov.tw/MLMS/H0001D.aspx?Type=Lic&LicId=56031422
1,13,A 臨床化學及臨床毒理學,A1070 澱粉酶試驗系統,衛部醫器輸字第032395號,113/04/02,亞培澱粉酶檢驗試劑組,Abbott Alinity c Amylase Reagent Kit,美商亞培股份有限公司台灣分公司,SEKISUI DIAGNOSTICS P.E.I. INC.,https://info.fda.gov.tw/MLMS/H0001D.aspx?Type=Lic&LicId=56032395
1,13,A 臨床化學及臨床毒理學,A1070 澱粉酶試驗系統,衛部醫器輸字第032494號,113/09/09,亞培胰臟澱粉酶檢驗試劑組,ABBOTT Alinity c Pancreatic Amylase Reagent Kit,美商亞培股份有限公司台灣分公司,SENTINEL CH. S.p.A.,https://info.fda.gov.tw/MLMS/H0001D.aspx?Type=Lic&LicId=56032494
1,13,A 臨床化學及臨床毒理學,A1070 澱粉酶試驗系統,衛部醫器輸字第033111號,113/12/17,羅氏可霸斯α-澱粉酶EPS法第二代生化檢驗試劑,cobas c AMYL2,台灣羅氏醫療診斷設備股份有限公司,ROCHE DIAGNOSTICS GMBH,https://info.fda.gov.tw/MLMS/H0001D.aspx?Type=Lic&LicId=56033111
1,13,A 臨床化學及臨床毒理學,A1070 澱粉酶試驗系統,衛部醫器輸字第033693號,114/10/26,“西門子” 澱粉酶分析試劑組,“Siemens” Atellica CH Amylase_2,西門子醫療設備股份有限公司,RANDOX LABORATORIES LTD.,https://info.fda.gov.tw/MLMS/H0001D.aspx?Type=Lic&LicId=56033693
1,13,A 臨床化學及臨床毒理學,A1070 澱粉酶試驗系統,衛部醫器輸字第034367號,115/03/04,亞培臨床生化第二代澱粉酶檢驗試劑組,Abbott Clinical Chemistry Amylase2,美商亞培股份有限公司台灣分公司,ABBOTT IRELAND DIAGNOSTICS DIVISION,https://info.fda.gov.tw/MLMS/H0001D.aspx?Type=Lic&LicId=56034367
1,13,A 臨床化學及臨床毒理學,A1070 澱粉酶試驗系統,衛部醫器輸字第034919號,115/12/09,亞培第二代澱粉酶檢驗試劑組,Abbott Alinity c Amylase2,美商亞培股份有限公司台灣分公司,ABBOTT IRELAND DIAGNOSTICS DIVISION,https://info.fda.gov.tw/MLMS/H0001D.aspx?Type=Lic&LicId=56034919
1,19,A 臨床化學及臨床毒理學,A1100 天門冬胺酸轉胺酶試驗系統,衛署醫器製字第001986號,115/03/10,台塑天門冬胺酸轉移/試劑,MeDiPro ASPARTATE AMINOTRANSFERASE TEST,台塑生醫科技股份有限公司,台塑生醫科技股份有限公司宜蘭廠,https://info.fda.gov.tw/MLMS/H0001D.aspx?Type=Lic&LicId=05001986
1,19,A 臨床化學及臨床毒理學,A1100 天門冬胺酸轉胺酶試驗系統,衛署醫器製字第004034號,112/05/10,朕江天門冬胺酸轉氨酶試劑套組,LANNER Aspartate Aminotransferase Reagent Kit,朕江生物科技股份有限公司,朕江生物科技股份有限公司,https://info.fda.gov.tw/MLMS/H0001D.aspx?Type=Lic&LicId=05004034
1,19,A 臨床化學及臨床毒理學,A1100 天門冬胺酸轉胺酶試驗系統,衛署醫器輸字第014866號,114/11/21,富士-測定麩胺酸-草醋酸轉氨酶乾式試片,FUJI DRI-CHEM Slide GOT/AST-PⅢ,恆昶實業股份有限公司,"FUJIFILM Techno Products CO., LTD Ashigara Site",https://info.fda.gov.tw/MLMS/H0001D.aspx?Type=Lic&LicId=06014866
1,19,A 臨床化學及臨床毒理學,A1100 天門冬胺酸轉胺酶試驗系統,衛署醫器輸字第014902號,109/11/22,關東化學天門冬胺酸轉移酶試驗試劑,CicaLiquid AST,醫全實業股份有限公司,"KANTO CHEMICAL CO., INC. ISEHARA FACTORY",https://info.fda.gov.tw/MLMS/H0001D.aspx?Type=Lic&LicId=06014902
1,19,A 臨床化學及臨床毒理學,A1100 天門冬胺酸轉胺酶試驗系統,衛署醫器輸字第014919號,114/11/22,聖提諾天門冬胺酸轉胺酶試劑,Sentinel AST UV Liquid,東研實業股份有限公司,SENTINEL CH. SPA,https://info.fda.gov.tw/MLMS/H0001D.aspx?Type=Lic&LicId=06014919
1,19,A 臨床化學及臨床毒理學,A1100 天門冬胺酸轉胺酶試驗系統,衛署醫器輸字第014928號,114/11/22,"""德曼遜"" 天門冬氨酸氨基轉移每 弗列克斯 試劑組","""Dimension"" AST (GOT) Aspartate Aminotransferase Flex Reagent Cartridge",西門子醫療設備股份有限公司,SIEMENS HEALTHCARE DIAGNOSTICS INC.,https://info.fda.gov.tw/MLMS/H0001D.aspx?Type=Lic&LicId=06014928
1,19,A 臨床化學及臨床毒理學,A1100 天門冬胺酸轉胺酶試驗系統,衛署醫器輸字第015258號,114/12/06,羅氏瑞弗聰乾式生化麩胺酸草醯乙酸轉胺酶(天門冬胺酸轉移酶)檢驗試劑,Reflotron GOT(AST),台灣羅氏醫療診斷設備股份有限公司,ROCHE DIAGNOSTICS GMBH,https://info.fda.gov.tw/MLMS/H0001D.aspx?Type=Lic&LicId=06015258
1,19,A 臨床化學及臨床毒理學,A1100 天門冬胺酸轉胺酶試驗系統,衛署醫器輸字第015332號,114/12/08,和光麩氨基草酸醋酸轉移/試劑,Wako L-Type AST .J2,醫全實業股份有限公司,FUJIFILM Wako Pure Chemical Corporation Mie Plant,https://info.fda.gov.tw/MLMS/H0001D.aspx?Type=Lic&LicId=06015332
1,19,A 臨床化學及臨床毒理學,A1100 天門冬胺酸轉胺酶試驗系統,衛署醫器輸字第015698號,114/12/20,"""愛科來""天門冬胺酸轉胺每檢測試紙","Spotchem II GOT/AST Reagent Strip ""Arkray""",生展生物科技股份有限公司,"ARKRAY Factory, Inc., Head office factory",https://info.fda.gov.tw/MLMS/H0001D.aspx?Type=Lic&LicId=06015698
1,19,A 臨床化學及臨床毒理學,A1100 天門冬胺酸轉胺酶試驗系統,衛署醫器輸字第015974號,110/02/08,生物梅里埃天門冬胺酸轉移酶測定試劑,bioMerieux Enzyline ASAT/GOT,香港商生物梅里埃有限公司台灣分公司,BIOMERIEUX SA,https://info.fda.gov.tw/MLMS/H0001D.aspx?Type=Lic&LicId=06015974
1,19,A 臨床化學及臨床毒理學,A1100 天門冬胺酸轉胺酶試驗系統,衛署醫器輸字第017872號,116/01/11,亞培臨床生化天門冬氨酸轉胺酶試劑組,ABBOTT Clinical Chemistry Aspartate Aminotransferase (AST),美商亞培股份有限公司台灣分公司,"FISHER DIAGNOSTICS, A DIVISION OF FISHER SCIENTIFIC COMPANY, LLC, A PART OF THERMO FISHER SCIENTIFIC INC.",https://info.fda.gov.tw/MLMS/H0001D.aspx?Type=Lic&LicId=06017872
1,19,A 臨床化學及臨床毒理學,A1100 天門冬胺酸轉胺酶試驗系統,衛署醫器輸字第018929號,112/01/22,“西門子”天門冬胺酸轉移每試劑組,ADVIA Chemistry Aspartate Aminotransferase Reagents,西門子醫療設備股份有限公司,RANDOX LABORATORIES LTD.,https://info.fda.gov.tw/MLMS/H0001D.aspx?Type=Lic&LicId=06018929
1,19,A 臨床化學及臨床毒理學,A1100 天門冬胺酸轉胺酶試驗系統,衛部醫器製字第004381號,112/12/24,天亮常規生化試劑盤二,skyla General Biochemistry Panel II,天亮醫療器材股份有限公司園區分公司,天亮醫療器材股份有限公司園區分公司,https://info.fda.gov.tw/MLMS/H0001D.aspx?Type=Lic&LicId=55004381
1,19,A 臨床化學及臨床毒理學,A1100 天門冬胺酸轉胺酶試驗系統,衛部醫器製字第004382號,112/12/24,天亮肝功能試劑盤,skyla Liver Panel,天亮醫療器材股份有限公司園區分公司,天亮醫療器材股份有限公司園區分公司,https://info.fda.gov.tw/MLMS/H0001D.aspx?Type=Lic&LicId=55004382
1,19,A 臨床化學及臨床毒理學,A1100 天門冬胺酸轉胺酶試驗系統,衛部醫器製字第004386號,112/12/27,天亮肝功能試劑盤二,skyla Liver Panel II,天亮醫療器材股份有限公司園區分公司,天亮醫療器材股份有限公司園區分公司,https://info.fda.gov.tw/MLMS/H0001D.aspx?Type=Lic&LicId=55004386
1,19,A 臨床化學及臨床毒理學,A1100 天門冬胺酸轉胺酶試驗系統,衛部醫器製字第004388號,112/12/27,天亮常規生化試劑盤,skyla General Biochemistry Panel,天亮醫療器材股份有限公司園區分公司,天亮醫療器材股份有限公司園區分公司,https://info.fda.gov.tw/MLMS/H0001D.aspx?Type=Lic&LicId=55004388
1,19,A 臨床化學及臨床毒理學,A1100 天門冬胺酸轉胺酶試驗系統,衛部醫器製字第004389號,112/12/27,天亮代謝試劑盤二,skyla Metabolic Panel II,天亮醫療器材股份有限公司園區分公司,天亮醫療器材股份有限公司園區分公司,https://info.fda.gov.tw/MLMS/H0001D.aspx?Type=Lic&LicId=55004389
1,19,A 臨床化學及臨床毒理學,A1100 天門冬胺酸轉胺酶試驗系統,衛部醫器製字第004463號,113/05/22,天亮急症試劑盤,skyla ER Panel,天亮醫療器材股份有限公司園區分公司,天亮醫療器材股份有限公司園區分公司,https://info.fda.gov.tw/MLMS/H0001D.aspx?Type=Lic&LicId=55004463
1,19,A 臨床化學及臨床毒理學,A1100 天門冬胺酸轉胺酶試驗系統,衛部醫器製字第004936號,114/06/10,天亮急症試劑盤二,skyla ER Panel II,天亮醫療器材股份有限公司園區分公司,天亮醫療器材股份有限公司園區分公司,https://info.fda.gov.tw/MLMS/H0001D.aspx?Type=Lic&LicId=55004936
1,19,A 臨床化學及臨床毒理學,A1100 天門冬胺酸轉胺酶試驗系統,衛部醫器製字第006283號,113/03/07,天亮健檢生化試劑盤,skyla Health Check Biochemistry Panel,天亮醫療器材股份有限公司園區分公司,天亮醫療器材股份有限公司園區分公司,https://info.fda.gov.tw/MLMS/H0001D.aspx?Type=Lic&LicId=55006283
1,19,A 臨床化學及臨床毒理學,A1100 天門冬胺酸轉胺酶試驗系統,衛部醫器製字第006477號,113/11/05,“生物艾科特”天門冬胺酸轉移酶試劑,“BioAccut”AST Kit,東研實業股份有限公司,東研實業股份有限公司,https://info.fda.gov.tw/MLMS/H0001D.aspx?Type=Lic&LicId=55006477
1,19,A 臨床化學及臨床毒理學,A1100 天門冬胺酸轉胺酶試驗系統,衛部醫器輸字第025846號,113/01/08,亞培臨床生化天門冬氨酸轉胺酶(活化)檢驗試劑組,ABBOTT Clinical Chemistry Activated Aspartate Aminotransferase,美商亞培股份有限公司台灣分公司,"FISHER DIAGNOSTICS, A DIVISION OF FISHER SCIENTIFIC COMPANY, LLC, A PART OF THERMO FISHER SCIENTIFIC INC.",https://info.fda.gov.tw/MLMS/H0001D.aspx?Type=Lic&LicId=56025846
1,19,A 臨床化學及臨床毒理學,A1100 天門冬胺酸轉胺酶試驗系統,衛部醫器輸字第025869號,113/01/27,“美麗佳” 天門冬氨酸轉氨酶試劑,“Medica” Aspartate aminotransferase Reagent Kit (AST),晃聖有限公司,MEDICA CORPORATION,https://info.fda.gov.tw/MLMS/H0001D.aspx?Type=Lic&LicId=56025869
1,19,A 臨床化學及臨床毒理學,A1100 天門冬胺酸轉胺酶試驗系統,衛部醫器輸字第026517號,113/08/25,羅氏可霸斯天門冬酸氨基轉移酶生化檢驗試劑,cobas c ASTPM,台灣羅氏醫療診斷設備股份有限公司,ROCHE DIAGNOSTICS GMBH,https://info.fda.gov.tw/MLMS/H0001D.aspx?Type=Lic&LicId=56026517
1,19,A 臨床化學及臨床毒理學,A1100 天門冬胺酸轉胺酶試驗系統,衛部醫器輸字第026541號,113/09/26,羅氏可霸斯天門冬胺酸胺基轉移酶生化檢驗試劑,cobas ASTL,台灣羅氏醫療診斷設備股份有限公司,ROCHE DIAGNOSTICS GMBH,https://info.fda.gov.tw/MLMS/H0001D.aspx?Type=Lic&LicId=56026541
1,19,A 臨床化學及臨床毒理學,A1100 天門冬胺酸轉胺酶試驗系統,衛部醫器輸字第026542號,113/09/26,羅氏可霸斯天門冬胺酸胺基轉移酶生化檢驗試劑,cobas c ASTL,台灣羅氏醫療診斷設備股份有限公司,ROCHE DIAGNOSTICS GMBH,https://info.fda.gov.tw/MLMS/H0001D.aspx?Type=Lic&LicId=56026542
1,19,A 臨床化學及臨床毒理學,A1100 天門冬胺酸轉胺酶試驗系統,衛部醫器輸字第026720號,113/10/28,羅氏可霸斯天門冬胺酸胺基轉移酶生化檢驗試劑,cobas c ASTLP,台灣羅氏醫療診斷設備股份有限公司,ROCHE DIAGNOSTICS GMBH,https://info.fda.gov.tw/MLMS/H0001D.aspx?Type=Lic&LicId=56026720
1,19,A 臨床化學及臨床毒理學,A1100 天門冬胺酸轉胺酶試驗系統,衛部醫器輸字第026729號,113/11/07,羅氏可霸斯天門冬胺酸胺基轉移酶生化檢驗試劑,cobas c AST,台灣羅氏醫療診斷設備股份有限公司,ROCHE DIAGNOSTICS GMBH,https://info.fda.gov.tw/MLMS/H0001D.aspx?Type=Lic&LicId=56026729
1,19,A 臨床化學及臨床毒理學,A1100 天門冬胺酸轉胺酶試驗系統,衛部醫器輸字第027680號,109/09/15,貝克曼庫爾特天門冬胺酸轉胺酶測定試劑,BECKMAN COULTER AST (Aspartate Aminotransferase),美商貝克曼庫爾特有限公司台灣分公司,BECKMAN COULTER IRELAND INC.,https://info.fda.gov.tw/MLMS/H0001D.aspx?Type=Lic&LicId=56027680
1,19,A 臨床化學及臨床毒理學,A1100 天門冬胺酸轉胺酶試驗系統,衛部醫器輸字第027689號,114/09/22,積水普優歐特天門冬胺酸轉胺酶試劑,Sekisui Pureauto S AST-L,元英企業股份有限公司,"SEKISUI MEDICAL CO., LTD TSUKUBA PLANT",https://info.fda.gov.tw/MLMS/H0001D.aspx?Type=Lic&LicId=56027689
1,19,A 臨床化學及臨床毒理學,A1100 天門冬胺酸轉胺酶試驗系統,衛部醫器輸字第028958號,115/11/16,貝克曼庫爾特協康天門冬胺酸轉胺酶試劑,BECKMAN COULTER SYNCHRON Systems Aspartate Aminotransferase (AST) Reagent,美商貝克曼庫爾特有限公司台灣分公司,BECKMAN COULTER INC.,https://info.fda.gov.tw/MLMS/H0001D.aspx?Type=Lic&LicId=56028958
1,19,A 臨床化學及臨床毒理學,A1100 天門冬胺酸轉胺酶試驗系統,衛部醫器輸字第029506號,111/03/02,貝克曼庫爾特協康天門冬胺酸轉胺酶-試劑,BECKMAN COULTER SYNCHRON Systems Aspartate Aminotransferase Reagent (AST-),美商貝克曼庫爾特有限公司台灣分公司,BECKMAN COULTER INC.,https://info.fda.gov.tw/MLMS/H0001D.aspx?Type=Lic&LicId=56029506
1,19,A 臨床化學及臨床毒理學,A1100 天門冬胺酸轉胺酶試驗系統,衛部醫器輸字第029842號,111/09/04,貝克曼庫爾特天門冬胺酸轉胺酶測定試劑,BECKMAN COULTER AST (Aspartate Aminotransferase),美商貝克曼庫爾特有限公司台灣分公司,BECKMAN COULTER IRELAND INC.,https://info.fda.gov.tw/MLMS/H0001D.aspx?Type=Lic&LicId=56029842
1,19,A 臨床化學及臨床毒理學,A1100 天門冬胺酸轉胺酶試驗系統,衛部醫器輸字第030472號,111/12/26,“德信” 天門冬胺酸轉移酶檢驗試劑,“Diasys” ASAT (GOT) FS,東研實業股份有限公司,DIASYS DIAGNOSTIC SYSTEMS GMBH,https://info.fda.gov.tw/MLMS/H0001D.aspx?Type=Lic&LicId=56030472
1,19,A 臨床化學及臨床毒理學,A1100 天門冬胺酸轉胺酶試驗系統,衛部醫器輸字第031318號,112/07/09,“西門子”天門冬胺酸轉胺酶試劑組,“Siemens” Atellica CH Aspartate Aminotransferase,西門子醫療設備股份有限公司,RANDOX LABORATORIES LTD.,https://info.fda.gov.tw/MLMS/H0001D.aspx?Type=Lic&LicId=56031318
1,19,A 臨床化學及臨床毒理學,A1100 天門冬胺酸轉胺酶試驗系統,衛部醫器輸字第032113號,113/01/15,“西門子” 天門冬胺酸轉胺酶檢驗試劑,“Siemens”Atellica CH Aspartate Aminotransferase P5P (ASTPLc),西門子醫療設備股份有限公司,RANDOX LABORATORIES LTD.,https://info.fda.gov.tw/MLMS/H0001D.aspx?Type=Lic&LicId=56032113
1,19,A 臨床化學及臨床毒理學,A1100 天門冬胺酸轉胺酶試驗系統,衛部醫器輸字第032187號,113/02/22,亞培天門冬胺酸轉胺酶(活化)檢驗試劑組,Abbott Alinity c Activated Aspartate Aminotransferase Reagent Kit,美商亞培股份有限公司台灣分公司,"FISHER DIAGNOSTICS, A DIVISION OF FISHER SCIENTIFIC COMPANY, LLC, A PART OF THERMO FISHER SCIENTIFIC INC.",https://info.fda.gov.tw/MLMS/H0001D.aspx?Type=Lic&LicId=56032187
1,19,A 臨床化學及臨床毒理學,A1100 天門冬胺酸轉胺酶試驗系統,衛部醫器輸字第032198號,113/03/05,亞培天門冬胺酸轉胺酶檢驗試劑組,ABBOTT Alinity c Aspartate Aminotransferase Reagent Kit,美商亞培股份有限公司台灣分公司,"FISHER DIAGNOSTICS, A DIVISION OF FISHER SCIENTIFIC COMPANY, LLC, A PART OF THERMO FISHER SCIENTIFIC INC.",https://info.fda.gov.tw/MLMS/H0001D.aspx?Type=Lic&LicId=56032198
1,19,A 臨床化學及臨床毒理學,A1100 天門冬胺酸轉胺酶試驗系統,衛部醫器輸字第032477號,113/08/07,羅氏可霸斯天門冬酸氨基轉移酶生化檢驗試劑,cobas c ASTP,台灣羅氏醫療診斷設備股份有限公司,ROCHE DIAGNOSTICS GMBH,https://info.fda.gov.tw/MLMS/H0001D.aspx?Type=Lic&LicId=56032477
1,19,A 臨床化學及臨床毒理學,A1100 天門冬胺酸轉胺酶試驗系統,衛部醫器輸字第033119號,113/12/27,日東紡天門冬胺酸轉移酶試劑,Nittobo AST,東研實業股份有限公司,"NITTOBO MEDICAL CO., LTD. MEDICAL DEVELOPMENT CENTER",https://info.fda.gov.tw/MLMS/H0001D.aspx?Type=Lic&LicId=56033119
1,19,A 臨床化學及臨床毒理學,A1100 天門冬胺酸轉胺酶試驗系統,衛部醫器輸字第034398號,115/04/19,維特司生化產品丙胺酸轉胺酶-天門冬胺酸轉胺酶試藥片,VITROS XT Chemistry Products ALTV-AST Slides,台灣大昌華嘉股份有限公司,"ORTHO-CLINICAL DIAGNOSTICS, INC.",https://info.fda.gov.tw/MLMS/H0001D.aspx?Type=Lic&LicId=56034398
1,19,A 臨床化學及臨床毒理學,A1100 天門冬胺酸轉胺酶試驗系統,衛部醫器輸字第034887號,115/08/06,亞培活化型天門冬氨酸轉胺酶檢驗試劑組,Abbott Alinity c Activated Aspartate Aminotransferase,美商亞培股份有限公司台灣分公司,ABBOTT IRELAND DIAGNOSTICS DIVISION,https://info.fda.gov.tw/MLMS/H0001D.aspx?Type=Lic&LicId=56034887
1,19,A 臨床化學及臨床毒理學,A1100 天門冬胺酸轉胺酶試驗系統,衛部醫器輸字第035204號,116/01/12,亞培臨床生化活化型天門冬氨酸轉胺酶檢驗試劑組,Abbott Clinical Chemistry Activated Aspartate Aminotransferase,美商亞培股份有限公司台灣分公司,ABBOTT IRELAND DIAGNOSTICS DIVISION,https://info.fda.gov.tw/MLMS/H0001D.aspx?Type=Lic&LicId=56035204
1,19,A 臨床化學及臨床毒理學,A1100 天門冬胺酸轉胺酶試驗系統,衛部醫器輸字第035210號,116/01/21,羅氏可霸斯天門冬酸氨基轉移酶第二代生化檢驗試劑,cobas c ASTP2,台灣羅氏醫療診斷設備股份有限公司,ROCHE DIAGNOSTICS GMBH,https://info.fda.gov.tw/MLMS/H0001D.aspx?Type=Lic&LicId=56035210
1,20,A 臨床化學及臨床毒理學,A1110 膽紅素(總量或直接的)試驗系統,衛署醫器製字第001978號,115/02/08,台塑總膽紅素試劑,MeDiPro TOTAL BILIRUBIN TEST,台塑生醫科技股份有限公司,台塑生醫科技股份有限公司宜蘭廠,https://info.fda.gov.tw/MLMS/H0001D.aspx?Type=Lic&LicId=05001978
1,20,A 臨床化學及臨床毒理學,A1110 膽紅素(總量或直接的)試驗系統,衛署醫器製字第001985號,115/03/08,台塑直接膽紅素試劑,MeDiPro DIRECT BILIRUBIN TEST,台塑生醫科技股份有限公司,台塑生醫科技股份有限公司宜蘭廠,https://info.fda.gov.tw/MLMS/H0001D.aspx?Type=Lic&LicId=05001985
1,20,A 臨床化學及臨床毒理學,A1110 膽紅素(總量或直接的)試驗系統,衛署醫器輸字第015444號,114/12/10,羅氏瑞弗聰乾式生化膽紅素檢驗試劑,Reflotron Bilirubin,台灣羅氏醫療診斷設備股份有限公司,ROCHE DIAGNOSTICS GMBH,https://info.fda.gov.tw/MLMS/H0001D.aspx?Type=Lic&LicId=06015444
1,20,A 臨床化學及臨床毒理學,A1110 膽紅素(總量或直接的)試驗系統,衛署醫器輸字第015547號,114/12/13,富士-測定總膽紅素乾式試片,FUJI DRI-CHEM Slide TBIL-P III,恆昶實業股份有限公司,"FUJIFILM Techno Products CO., LTD Ashigara Site",https://info.fda.gov.tw/MLMS/H0001D.aspx?Type=Lic&LicId=06015547
1,20,A 臨床化學及臨床毒理學,A1110 膽紅素(總量或直接的)試驗系統,衛署醫器輸字第015567號,114/12/14,和光膽紅素試劑,Wako Bilirubin,醫全實業股份有限公司,FUJIFILM Wako Pure Chemical Corporation Mie Plant,https://info.fda.gov.tw/MLMS/H0001D.aspx?Type=Lic&LicId=06015567
1,20,A 臨床化學及臨床毒理學,A1110 膽紅素(總量或直接的)試驗系統,衛署醫器輸字第015599號,109/12/16,生物梅里埃膽紅素測定試劑,bioMerieux Bili,香港商生物梅里埃有限公司台灣分公司,BIOMERIEUX SA,https://info.fda.gov.tw/MLMS/H0001D.aspx?Type=Lic&LicId=06015599
1,20,A 臨床化學及臨床毒理學,A1110 膽紅素(總量或直接的)試驗系統,衛署醫器輸字第015685號,114/12/19,〝愛科來〞總膽紅素檢測試紙,"Spotchem II Total Bilirubin Reagent Strip ""Arkray""",生展生物科技股份有限公司,"ARKRAY Factory, Inc., Head office factory",https://info.fda.gov.tw/MLMS/H0001D.aspx?Type=Lic&LicId=06015685
1,20,A 臨床化學及臨床毒理學,A1110 膽紅素(總量或直接的)試驗系統,衛署醫器輸字第015743號,114/12/26,德賽直接膽紅素液體試劑盒,DiaSys Bilirubin Auto Direct FS,嘉誠國際醫事服務顧問有限公司,DIASYS DIAGNOSTIC SYSTEMS GMBH,https://info.fda.gov.tw/MLMS/H0001D.aspx?Type=Lic&LicId=06015743
1,20,A 臨床化學及臨床毒理學,A1110 膽紅素(總量或直接的)試驗系統,衛署醫器輸字第015749號,114/12/26,德賽總膽紅素液體試劑盒,DiaSys Bilirubin Auto Total FS,嘉誠國際醫事服務顧問有限公司,DIASYS DIAGNOSTIC SYSTEMS GMBH,https://info.fda.gov.tw/MLMS/H0001D.aspx?Type=Lic&LicId=06015749
1,20,A 臨床化學及臨床毒理學,A1110 膽紅素(總量或直接的)試驗系統,衛署醫器輸字第015872號,115/01/17,日東紡直接膽紅素試劑,N-AssAy L D-BIL NIT-TOBO,東研實業股份有限公司,"NITTOBO MEDICAL CO., LTD. MEDICAL DEVELOPMENT CENTER",https://info.fda.gov.tw/MLMS/H0001D.aspx?Type=Lic&LicId=06015872
1,20,A 臨床化學及臨床毒理學,A1110 膽紅素(總量或直接的)試驗系統,衛署醫器輸字第015973號,115/02/07,日東紡總膽紅素試劑,N-ASSAYL T-BIL NITTOBO,東研實業股份有限公司,"NITTOBO MEDICAL CO., LTD. MEDICAL DEVELOPMENT CENTER",https://info.fda.gov.tw/MLMS/H0001D.aspx?Type=Lic&LicId=06015973
1,20,A 臨床化學及臨床毒理學,A1110 膽紅素(總量或直接的)試驗系統,衛署醫器輸字第015977號,115/02/08,富士-測定血液中直接膽紅素乾式試片,FUJI DRI-CHEM Slide DBIL-P II,恆昶實業股份有限公司,"FUJIFILM Techno Products CO., LTD Ashigara Site",https://info.fda.gov.tw/MLMS/H0001D.aspx?Type=Lic&LicId=06015977
1,20,A 臨床化學及臨床毒理學,A1110 膽紅素(總量或直接的)試驗系統,衛署醫器輸字第016321號,115/04/10,"""德國虎瑪"" 自動膽紅素D檢驗試劑","""Human"" auto-bilirubin-D liquicolor",德醫生技有限公司,HUMAN GESELLSCHAFT FUR BIOCHEMICA UND DIAGNOSTICA MBH,https://info.fda.gov.tw/MLMS/H0001D.aspx?Type=Lic&LicId=06016321
1,20,A 臨床化學及臨床毒理學,A1110 膽紅素(總量或直接的)試驗系統,衛署醫器輸字第016322號,115/04/10,"""德國虎瑪"" 自動膽紅素T檢驗試劑","""Human"" auto-bilirubin-T liquicolor",德醫生技有限公司,HUMAN GESELLSCHAFT FUR BIOCHEMICA UND DIAGNOSTICA MBH,https://info.fda.gov.tw/MLMS/H0001D.aspx?Type=Lic&LicId=06016322
1,20,A 臨床化學及臨床毒理學,A1110 膽紅素(總量或直接的)試驗系統,衛署醫器輸字第018277號,116/06/05,亞培臨床生化總膽紅素檢驗試劑組,ABBOTT Clinical Chemistry Total Bilirubin (Bili T),美商亞培股份有限公司台灣分公司,SEKISUI DIAGNOSTICS P.E.I. INC.,https://info.fda.gov.tw/MLMS/H0001D.aspx?Type=Lic&LicId=06018277
1,20,A 臨床化學及臨床毒理學,A1110 膽紅素(總量或直接的)試驗系統,衛署醫器輸字第018934號,112/01/22,“西門子”直接膽紅素試劑,ADVIA Chemistry Direct Bilirubin_2,西門子醫療設備股份有限公司,FUJIFILM Wako Pure Chemical Corporation Mie Plant,https://info.fda.gov.tw/MLMS/H0001D.aspx?Type=Lic&LicId=06018934
1,20,A 臨床化學及臨床毒理學,A1110 膽紅素(總量或直接的)試驗系統,衛署醫器輸字第018951號,112/02/01,“西門子”總膽紅素試劑,ADVIA Chemistry Total Bilirubin_2,西門子醫療設備股份有限公司,FUJIFILM Wako Pure Chemical Corporation Mie Plant,https://info.fda.gov.tw/MLMS/H0001D.aspx?Type=Lic&LicId=06018951
1,20,A 臨床化學及臨床毒理學,A1110 膽紅素(總量或直接的)試驗系統,衛署醫器輸字第018954號,112/02/20,羅氏總膽紅素第二代檢驗試劑,cobas BILT2,台灣羅氏醫療診斷設備股份有限公司,ROCHE DIAGNOSTICS GMBH,https://info.fda.gov.tw/MLMS/H0001D.aspx?Type=Lic&LicId=06018954
1,20,A 臨床化學及臨床毒理學,A1110 膽紅素(總量或直接的)試驗系統,衛署醫器輸字第019058號,112/05/27,羅氏可霸斯c 111 總膽紅素檢驗試劑,cobas c 111 BILTS,台灣羅氏醫療診斷設備股份有限公司,ROCHE DIAGNOSTICS GMBH,https://info.fda.gov.tw/MLMS/H0001D.aspx?Type=Lic&LicId=06019058
1,20,A 臨床化學及臨床毒理學,A1110 膽紅素(總量或直接的)試驗系統,衛署醫器輸字第020842號,114/12/14,和光總膽紅素,Wako Total Bilirubin,醫全實業股份有限公司,FUJIFILM WAKO PURE CHEMICAL CORPORATION MIE PLANT,https://info.fda.gov.tw/MLMS/H0001D.aspx?Type=Lic&LicId=06020842
1,20,A 臨床化學及臨床毒理學,A1110 膽紅素(總量或直接的)試驗系統,衛署醫器輸字第020969號,114/04/13,"""德曼遜"" 直接膽紅素 弗列克斯 試劑組","""Dimension"" DBI Direct Bilirubin Flex reagent cartridge",西門子醫療設備股份有限公司,SIEMENS HEALTHCARE DIAGNOSTICS INC.,https://info.fda.gov.tw/MLMS/H0001D.aspx?Type=Lic&LicId=06020969
1,20,A 臨床化學及臨床毒理學,A1110 膽紅素(總量或直接的)試驗系統,衛署醫器輸字第020972號,114/04/13,"""德曼遜"" 總膽紅素 弗列克斯 試劑組","""Dimension"" TBI Total Bilirubin Flex reagent cartridge",西門子醫療設備股份有限公司,SIEMENS HEALTHCARE DIAGNOSTICS INC.,https://info.fda.gov.tw/MLMS/H0001D.aspx?Type=Lic&LicId=06020972
1,20,A 臨床化學及臨床毒理學,A1110 膽紅素(總量或直接的)試驗系統,衛署醫器輸字第023335號,111/02/14,羅氏可霸斯總膽紅素特殊方法檢驗試劑,cobas c BILTS,台灣羅氏醫療診斷設備股份有限公司,ROCHE DIAGNOSTICS GMBH,https://info.fda.gov.tw/MLMS/H0001D.aspx?Type=Lic&LicId=06023335
1,20,A 臨床化學及臨床毒理學,A1110 膽紅素(總量或直接的)試驗系統,衛署醫器輸字第023359號,116/03/19,亞培臨床生化直接膽紅素檢驗試劑組,Abbott Clinical Chemistry Direct Bilirubin,美商亞培股份有限公司台灣分公司,SEKISUI DIAGNOSTICS P.E.I. INC.,https://info.fda.gov.tw/MLMS/H0001D.aspx?Type=Lic&LicId=06023359
1,20,A 臨床化學及臨床毒理學,A1110 膽紅素(總量或直接的)試驗系統,衛署醫器輸字第023430號,111/03/29,羅氏直接膽紅素第二代生化檢驗試劑,Roche BILD2,台灣羅氏醫療診斷設備股份有限公司,ROCHE DIAGNOSTICS GMBH,https://info.fda.gov.tw/MLMS/H0001D.aspx?Type=Lic&LicId=06023430
1,20,A 臨床化學及臨床毒理學,A1110 膽紅素(總量或直接的)試驗系統,衛署醫器輸字第023637號,116/05/29,羅氏可霸斯直接膽紅素第二代生化檢驗試劑,cobas BILD2,台灣羅氏醫療診斷設備股份有限公司,ROCHE DIAGNOSTICS GMBH,https://info.fda.gov.tw/MLMS/H0001D.aspx?Type=Lic&LicId=06023637
1,20,A 臨床化學及臨床毒理學,A1110 膽紅素(總量或直接的)試驗系統,衛署醫器輸字第023991號,116/08/24,羅氏可霸斯直接膽紅素第二代生化檢驗試劑,cobas BILD2,台灣羅氏醫療診斷設備股份有限公司,ROCHE DIAGNOSTICS GMBH,https://info.fda.gov.tw/MLMS/H0001D.aspx?Type=Lic&LicId=06023991
1,20,A 臨床化學及臨床毒理學,A1110 膽紅素(總量或直接的)試驗系統,衛部醫器製字第004153號,112/08/27,朕江直接膽紅素試劑套組,LANNER Direct Bilirubin Reagent Kit/DBIL,朕江生物科技股份有限公司,朕江生物科技股份有限公司,https://info.fda.gov.tw/MLMS/H0001D.aspx?Type=Lic&LicId=55004153
1,20,A 臨床化學及臨床毒理學,A1110 膽紅素(總量或直接的)試驗系統,衛部醫器製字第004163號,112/09/12,朕江總膽紅素試劑套組,LANNER Total Bilirubin Reagent Kit,朕江生物科技股份有限公司,朕江生物科技股份有限公司,https://info.fda.gov.tw/MLMS/H0001D.aspx?Type=Lic&LicId=55004163
1,20,A 臨床化學及臨床毒理學,A1110 膽紅素(總量或直接的)試驗系統,衛部醫器製字第004381號,112/12/24,天亮常規生化試劑盤二,skyla General Biochemistry Panel II,天亮醫療器材股份有限公司園區分公司,天亮醫療器材股份有限公司園區分公司,https://info.fda.gov.tw/MLMS/H0001D.aspx?Type=Lic&LicId=55004381
1,20,A 臨床化學及臨床毒理學,A1110 膽紅素(總量或直接的)試驗系統,衛部醫器製字第004382號,112/12/24,天亮肝功能試劑盤,skyla Liver Panel,天亮醫療器材股份有限公司園區分公司,天亮醫療器材股份有限公司園區分公司,https://info.fda.gov.tw/MLMS/H0001D.aspx?Type=Lic&LicId=55004382
1,20,A 臨床化學及臨床毒理學,A1110 膽紅素(總量或直接的)試驗系統,衛部醫器製字第004386號,112/12/27,天亮肝功能試劑盤二,skyla Liver Panel II,天亮醫療器材股份有限公司園區分公司,天亮醫療器材股份有限公司園區分公司,https://info.fda.gov.tw/MLMS/H0001D.aspx?Type=Lic&LicId=55004386
1,20,A 臨床化學及臨床毒理學,A1110 膽紅素(總量或直接的)試驗系統,衛部醫器製字第004387號,112/12/27,天亮代謝試劑盤,skyla Metabolic Panel,天亮醫療器材股份有限公司園區分公司,天亮醫療器材股份有限公司園區分公司,https://info.fda.gov.tw/MLMS/H0001D.aspx?Type=Lic&LicId=55004387
1,20,A 臨床化學及臨床毒理學,A1110 膽紅素(總量或直接的)試驗系統,衛部醫器製字第004388號,112/12/27,天亮常規生化試劑盤,skyla General Biochemistry Panel,天亮醫療器材股份有限公司園區分公司,天亮醫療器材股份有限公司園區分公司,https://info.fda.gov.tw/MLMS/H0001D.aspx?Type=Lic&LicId=55004388
1,20,A 臨床化學及臨床毒理學,A1110 膽紅素(總量或直接的)試驗系統,衛部醫器製字第004936號,114/06/10,天亮急症試劑盤二,skyla ER Panel II,天亮醫療器材股份有限公司園區分公司,天亮醫療器材股份有限公司園區分公司,https://info.fda.gov.tw/MLMS/H0001D.aspx?Type=Lic&LicId=55004936
1,20,A 臨床化學及臨床毒理學,A1110 膽紅素(總量或直接的)試驗系統,衛部醫器製字第006488號,113/12/04,“生物艾科特”總膽紅素試劑,“BioAccut” T-BIL Kit,東研實業股份有限公司,東研實業股份有限公司,https://info.fda.gov.tw/MLMS/H0001D.aspx?Type=Lic&LicId=55006488
1,20,A 臨床化學及臨床毒理學,A1110 膽紅素(總量或直接的)試驗系統,衛部醫器製字第006493號,113/12/20,“生物艾科特”直接膽紅素試劑,“BioAccut” D-BIL Kit,東研實業股份有限公司,東研實業股份有限公司,https://info.fda.gov.tw/MLMS/H0001D.aspx?Type=Lic&LicId=55006493
1,20,A 臨床化學及臨床毒理學,A1110 膽紅素(總量或直接的)試驗系統,衛部醫器輸字第025698號,112/12/09,“儀器實驗室”寶石4000專用卡匣,“Instrumentation Laboratory” GEM Premier 4000 PAK,台灣沃芬有限公司,INSTRUMENTATION LABORATORY CO.,https://info.fda.gov.tw/MLMS/H0001D.aspx?Type=Lic&LicId=56025698
1,20,A 臨床化學及臨床毒理學,A1110 膽紅素(總量或直接的)試驗系統,衛部醫器輸字第025720號,112/12/25,“美麗佳”直接膽紅素試劑,“Medica” Direct Bilirubin Reagent Kit (DBIL),晃聖有限公司,MEDICA CORPORATION,https://info.fda.gov.tw/MLMS/H0001D.aspx?Type=Lic&LicId=56025720
1,20,A 臨床化學及臨床毒理學,A1110 膽紅素(總量或直接的)試驗系統,衛部醫器輸字第025721號,112/12/25,“美麗佳”總膽紅素試劑,“Medica” Total Bilirubin Reagent Kit (TBIL),晃聖有限公司,MEDICA CORPORATION,https://info.fda.gov.tw/MLMS/H0001D.aspx?Type=Lic&LicId=56025721
1,20,A 臨床化學及臨床毒理學,A1110 膽紅素(總量或直接的)試驗系統,衛部醫器輸字第025730號,112/12/26,羅氏可霸斯總膽紅素第三代生化檢驗試劑,cobas BILT3,台灣羅氏醫療診斷設備股份有限公司,ROCHE DIAGNOSTICS GMBH,https://info.fda.gov.tw/MLMS/H0001D.aspx?Type=Lic&LicId=56025730
1,20,A 臨床化學及臨床毒理學,A1110 膽紅素(總量或直接的)試驗系統,衛部醫器輸字第025731號,112/12/26,羅氏總膽紅素第三代生化檢驗試劑,Roche/Hitachi BILT3,台灣羅氏醫療診斷設備股份有限公司,ROCHE DIAGNOSTICS GMBH,https://info.fda.gov.tw/MLMS/H0001D.aspx?Type=Lic&LicId=56025731
1,20,A 臨床化學及臨床毒理學,A1110 膽紅素(總量或直接的)試驗系統,衛部醫器輸字第025940號,113/04/10,羅氏可霸斯總膽紅素生化檢驗試劑第三代,cobas c BILT3,台灣羅氏醫療診斷設備股份有限公司,ROCHE DIAGNOSTICS GMBH,https://info.fda.gov.tw/MLMS/H0001D.aspx?Type=Lic&LicId=56025940
1,20,A 臨床化學及臨床毒理學,A1110 膽紅素(總量或直接的)試驗系統,衛部醫器輸字第026051號,113/04/10,羅氏可霸斯總膽紅素生化檢驗試劑第三代,cobas c BILT3,台灣羅氏醫療診斷設備股份有限公司,ROCHE DIAGNOSTICS GMBH,https://info.fda.gov.tw/MLMS/H0001D.aspx?Type=Lic&LicId=56026051
1,20,A 臨床化學及臨床毒理學,A1110 膽紅素(總量或直接的)試驗系統,衛部醫器輸字第026078號,113/05/02,維特司生化產品結合及未結合膽紅素試藥片,VITROS Chemistry Products Unconjugated/Conjugated Bilirubin (BuBc) Slides,台灣大昌華嘉股份有限公司,"ORTHO-CLINICAL DIAGNOSTICS, INC.",https://info.fda.gov.tw/MLMS/H0001D.aspx?Type=Lic&LicId=56026078
1,20,A 臨床化學及臨床毒理學,A1110 膽紅素(總量或直接的)試驗系統,衛部醫器輸字第026828號,113/12/23,羅氏可霸斯直接膽紅素第二代生化檢驗試劑,cobas c BILD2,台灣羅氏醫療診斷設備股份有限公司,ROCHE DIAGNOSTICS GMBH,https://info.fda.gov.tw/MLMS/H0001D.aspx?Type=Lic&LicId=56026828
1,20,A 臨床化學及臨床毒理學,A1110 膽紅素(總量或直接的)試驗系統,衛部醫器輸字第027703號,109/10/05,貝克曼庫爾特直接膽紅素測定試劑,Beckman Coulter Direct Bilirubin,美商貝克曼庫爾特有限公司台灣分公司,BECKMAN COULTER IRELAND INC.,https://info.fda.gov.tw/MLMS/H0001D.aspx?Type=Lic&LicId=56027703
1,20,A 臨床化學及臨床毒理學,A1110 膽紅素(總量或直接的)試驗系統,衛部醫器輸字第027704號,109/10/05,貝克曼庫爾特總膽紅素測定試劑,Beckman Coulter Total Bilirubin,美商貝克曼庫爾特有限公司台灣分公司,BECKMAN COULTER IRELAND INC.,https://info.fda.gov.tw/MLMS/H0001D.aspx?Type=Lic&LicId=56027704
1,20,A 臨床化學及臨床毒理學,A1110 膽紅素(總量或直接的)試驗系統,衛部醫器輸字第029177號,115/12/29,貝克曼庫爾特協康直接膽紅素試劑,BECKMAN COULTER SYNCHRON Systems Direct Bilirubin(DBIL) Reagent,美商貝克曼庫爾特有限公司台灣分公司,BECKMAN COULTER INC.,https://info.fda.gov.tw/MLMS/H0001D.aspx?Type=Lic&LicId=56029177
1,20,A 臨床化學及臨床毒理學,A1110 膽紅素(總量或直接的)試驗系統,衛部醫器輸字第029188號,116/01/13,貝克曼庫爾特協康總膽紅素試劑,BECKMAN COULTER SYNCHRON Systems Total Bilirubin (TBIL) Reagent,美商貝克曼庫爾特有限公司台灣分公司,BECKMAN COULTER INC.,https://info.fda.gov.tw/MLMS/H0001D.aspx?Type=Lic&LicId=56029188
1,20,A 臨床化學及臨床毒理學,A1110 膽紅素(總量或直接的)試驗系統,衛部醫器輸字第029812號,116/07/31,貝克曼庫爾特直接膽紅素測定試劑,Beckman Coulter Direct Bilirubin,美商貝克曼庫爾特有限公司台灣分公司,BECKMAN COULTER IRELAND INC.,https://info.fda.gov.tw/MLMS/H0001D.aspx?Type=Lic&LicId=56029812
1,20,A 臨床化學及臨床毒理學,A1110 膽紅素(總量或直接的)試驗系統,衛部醫器輸字第030452號,111/10/30,貝克曼庫爾特總膽紅素測定試劑,Beckman Coulter Total Bilirubin,美商貝克曼庫爾特有限公司台灣分公司,BECKMAN COULTER IRELAND INC.,https://info.fda.gov.tw/MLMS/H0001D.aspx?Type=Lic&LicId=56030452
1,20,A 臨床化學及臨床毒理學,A1110 膽紅素(總量或直接的)試驗系統,衛部醫器輸字第032044號,113/01/14,"""西門子"" 直接膽紅素試劑","""Siemens"" Atellica CH Direct Bilirubin 2(DBil_2)",西門子醫療設備股份有限公司,FUJIFILM WAKO PURE CHEMICAL CORPORATION MIE PLANT,https://info.fda.gov.tw/MLMS/H0001D.aspx?Type=Lic&LicId=56032044
1,20,A 臨床化學及臨床毒理學,A1110 膽紅素(總量或直接的)試驗系統,衛部醫器輸字第032115號,113/01/15,"""西門子"" 總膽紅素試劑","""Siemens"" Atellica CH Total Bilirubin 2(TBil_2)",西門子醫療設備股份有限公司,FUJIFILM WAKO PURE CHEMICAL CORPORATION MIE PLANT,https://info.fda.gov.tw/MLMS/H0001D.aspx?Type=Lic&LicId=56032115
1,20,A 臨床化學及臨床毒理學,A1110 膽紅素(總量或直接的)試驗系統,衛部醫器輸字第032135號,113/01/25,亞培直接膽紅素檢驗試劑組,Abbott Alinity c Direct Bilirubin Reagent Kit,美商亞培股份有限公司台灣分公司,SEKISUI DIAGNOSTICS P.E.I. INC.,https://info.fda.gov.tw/MLMS/H0001D.aspx?Type=Lic&LicId=56032135
1,20,A 臨床化學及臨床毒理學,A1110 膽紅素(總量或直接的)試驗系統,衛部醫器輸字第032200號,113/03/04,“亞培” 總膽紅素檢驗試劑組,“Abbott” Alinity c Total Bilirubin Reagent Kit,美商亞培股份有限公司台灣分公司,SEKISUI DIAGNOSTICS P.E.I. INC.,https://info.fda.gov.tw/MLMS/H0001D.aspx?Type=Lic&LicId=56032200
1,20,A 臨床化學及臨床毒理學,A1110 膽紅素(總量或直接的)試驗系統,衛部醫器輸字第032939號,113/10/14,羅氏可霸斯總膽紅素第三代生化檢驗試劑,cobas c BILT3,台灣羅氏醫療診斷設備股份有限公司,ROCHE DIAGNOSTICS GMBH,https://info.fda.gov.tw/MLMS/H0001D.aspx?Type=Lic&LicId=56032939
1,20,A 臨床化學及臨床毒理學,A1110 膽紅素(總量或直接的)試驗系統,衛部醫器輸字第034928號,115/12/30,德信直接膽紅素試劑,Diasys Bilirubin Auto Direct FS,東研實業股份有限公司,DIASYS DIAGNOSTIC SYSTEMS GMBH,https://info.fda.gov.tw/MLMS/H0001D.aspx?Type=Lic&LicId=56034928
1,20,A 臨床化學及臨床毒理學,A1110 膽紅素(總量或直接的)試驗系統,衛部醫器輸字第035217號,116/02/08,維特司生化產品總膽紅素-鹼性磷酸酶試藥片,VITROS XT Chemistry Products TBIL-ALKP Slides,台灣大昌華嘉股份有限公司,"ORTHO-CLINICAL DIAGNOSTICS, INC.",https://info.fda.gov.tw/MLMS/H0001D.aspx?Type=Lic&LicId=56035217
