source,key,site,price,name,event,link
findprice,娘家大紅麴,momo購物網,"$ 15,480",【娘家官方直營】娘家大紅麴六盒(30粒/盒),"['活動\n整點搶mo幣 100%中獎', '']",https://www.findprice.com.tw/go/gr3geqbg/?s=0&t=1&f=d&k=%E5%A8%98%E5%AE%B6%20%E5%A4%A7%E7%B4%85%E9%BA%B4
findprice,娘家大紅麴,鮮拾,"$ 6,810",【娘家】大紅麴(30粒/盒x3盒組),"['活動\n結帳滿618登記抽金條', '折扣\n結帳滿$1688輸碼折$168  折扣碼：10MART168 複製折扣碼 ']",https://www.findprice.com.tw/go/g5j8sr6m/?s=0&t=1&f=d&k=%E5%A8%98%E5%AE%B6%20%E5%A4%A7%E7%B4%85%E9%BA%B4
findprice,娘家大紅麴,Yahoo奇摩超級商城 - 麥叔叔的店,"$ 2,290",娘家大紅麴膠囊 30粒/盒,"['活動\n618最下殺 美妝 / 保健 / 美食 / 寵物', '']",https://www.findprice.com.tw/go/gyh2kjmd/?s=0&t=1&f=d&k=%E5%A8%98%E5%AE%B6%20%E5%A4%A7%E7%B4%85%E9%BA%B4
findprice,娘家大紅麴,Yahoo奇摩超級商城 - 安康藥妝,"$ 2,299",娘家 大紅麴膠囊 30入/盒,"['活動\n618最下殺 美妝 / 保健 / 美食 / 寵物', '']",https://www.findprice.com.tw/go/g6qzday7/?s=0&t=1&f=d&k=%E5%A8%98%E5%AE%B6%20%E5%A4%A7%E7%B4%85%E9%BA%B4
findprice,娘家大紅麴,屈臣氏網路商店,"$ 2,451",娘家 娘家大紅麴膠囊30粒,"['', '']",https://www.findprice.com.tw/go/gxivqu2y/?s=0&t=1&f=d&k=%E5%A8%98%E5%AE%B6%20%E5%A4%A7%E7%B4%85%E9%BA%B4
findprice,娘家大紅麴,momo購物網,"$ 8,880",【娘家官方直營】娘家大紅麴四盒組(30粒/盒),"['活動\n整點搶mo幣 100%中獎', '']",https://www.findprice.com.tw/go/g7qzf4kx/?s=0&t=1&f=d&k=%E5%A8%98%E5%AE%B6%20%E5%A4%A7%E7%B4%85%E9%BA%B4
findprice,娘家大紅麴,Yahoo奇摩超級商城 - 壹品藥局,"$ 2,580",【娘家】大紅麴 30粒/盒,"['活動\n618最下殺 美妝 / 保健 / 美食 / 寵物', '']",https://www.findprice.com.tw/go/grmzpdw9/?s=0&t=1&f=d&k=%E5%A8%98%E5%AE%B6%20%E5%A4%A7%E7%B4%85%E9%BA%B4
findprice,娘家大紅麴,Yahoo奇摩超級商城 - 健康優購網,"$ 2,451",娘家大紅麴膠囊(原廠供貨),"['活動\n618最下殺 美妝 / 保健 / 美食 / 寵物', '']",https://www.findprice.com.tw/go/gdaeuhwp/?s=0&t=1&f=d&k=%E5%A8%98%E5%AE%B6%20%E5%A4%A7%E7%B4%85%E9%BA%B4
findprice,娘家大紅麴,Yahoo奇摩超級商城 - 元氣健康館,"$ 2,298",娘家- 大紅麴（30粒/盒）元氣健康館,"['活動\n618最下殺 美妝 / 保健 / 美食 / 寵物', '']",https://www.findprice.com.tw/go/gnphk3en/?s=0&t=1&f=d&k=%E5%A8%98%E5%AE%B6%20%E5%A4%A7%E7%B4%85%E9%BA%B4
findprice,娘家大紅麴,松果購物,"$ 2,200",娘家 大紅麴膠囊 (30粒/盒) (9.2折),"['', '']",https://www.findprice.com.tw/go/gcn744ac/?s=0&t=1&f=d&k=%E5%A8%98%E5%AE%B6%20%E5%A4%A7%E7%B4%85%E9%BA%B4
findprice,娘家大紅麴,蝦皮商城 - 大樹健康購物網(大樹藥局線上),"$ 2,451",娘家 大紅麴 30粒/盒 大樹,"['活動\n百萬現金帶回家', '折扣\n6月薪客滿299折150  折扣碼：IA202206 複製折扣碼 ']",https://www.findprice.com.tw/go/g24it7k7/?s=0&t=1&f=d&k=%E5%A8%98%E5%AE%B6%20%E5%A4%A7%E7%B4%85%E9%BA%B4
findprice,娘家大紅麴,蝦皮商城 - 杏一健康生活館,"$ 2,451",娘家 大紅麴膠囊 (30粒/盒)【杏一】,"['活動\n百萬現金帶回家', '折扣\n6月薪客滿299折150  折扣碼：IA202206 複製折扣碼 ']",https://www.findprice.com.tw/go/g7aa8qt9/?s=0&t=1&f=d&k=%E5%A8%98%E5%AE%B6%20%E5%A4%A7%E7%B4%85%E9%BA%B4
findprice,娘家大紅麴,樂天市場 - 民雄久久藥局,"$ 2,300",實體藥局✅(1盒)娘家 大紅麴 膠囊 30粒/盒,"['活動\n樂天618年中慶', '']",https://www.findprice.com.tw/go/gdw9gyvr/?s=0&t=1&f=d&k=%E5%A8%98%E5%AE%B6%20%E5%A4%A7%E7%B4%85%E9%BA%B4
findprice,娘家大紅麴,樂天市場 - 森活中西藥局,"$ 1,980",藥局💊現貨 娘家系列 常溫滴雞精 大紅麴 益生菌 好茯敏,"['活動\n樂天618年中慶', '']",https://www.findprice.com.tw/go/gvdy94n5/?s=0&t=1&f=d&k=%E5%A8%98%E5%AE%B6%20%E5%A4%A7%E7%B4%85%E9%BA%B4
findprice,娘家大紅麴,Yahoo奇摩超級商城 - 禾坊親子藥局,"$ 2,451",【娘家】大紅麴膠囊 (30粒/盒) 民視 禾坊藥局,"['活動\n618最下殺 美妝 / 保健 / 美食 / 寵物', '']",https://www.findprice.com.tw/go/gprmj3y7/?s=0&t=1&f=d&k=%E5%A8%98%E5%AE%B6%20%E5%A4%A7%E7%B4%85%E9%BA%B4
findprice,娘家大紅麴,momo摩天商城 - 憨吉小舖,"$ 2,250",【實體藥局|公司貨】娘家 大紅麴膠囊 憨吉小舖(30粒/盒),"['', '']",https://www.findprice.com.tw/go/g5p8e5jq/?s=0&t=1&f=d&k=%E5%A8%98%E5%AE%B6%20%E5%A4%A7%E7%B4%85%E9%BA%B4
findprice,娘家大紅麴,Yahoo奇摩超級商城 - 專品藥局,"$ 2,451",民視 娘家 大紅麴 膠囊 30粒/盒 專品藥局【2011418】,"['活動\n萊爾富 $99 限量免運', '']",https://www.findprice.com.tw/go/gim7csfy/?s=0&t=1&f=d&k=%E5%A8%98%E5%AE%B6%20%E5%A4%A7%E7%B4%85%E9%BA%B4
findprice,娘家大紅麴,momo購物網,"$ 6,811",【娘家官方直營】娘家大紅麴三盒組(30粒/盒),"[""活動\n抽 Chloe' 帆布包"", '']",https://www.findprice.com.tw/go/gvrhagy5/?s=0&t=1&f=d&k=%E5%A8%98%E5%AE%B6%20%E5%A4%A7%E7%B4%85%E9%BA%B4
findprice,娘家大紅麴,Yahoo奇摩超級商城 - 安博氏健康生活館,"$ 2,450",安博氏 民視 娘家大紅麴 (30粒/盒) 榮獲國家健康食品認證,"['活動\n萊爾富 $99 限量免運', '']",https://www.findprice.com.tw/go/gr9c8q9k/?s=0&t=1&f=d&k=%E5%A8%98%E5%AE%B6%20%E5%A4%A7%E7%B4%85%E9%BA%B4
findprice,娘家大紅麴,momo購物網,"$ 4,644",【娘家官方直營】娘家大紅麴兩盒組(30粒/盒),"[""活動\n抽 Chloe' 帆布包"", '']",https://www.findprice.com.tw/go/gi7k5acy/?s=0&t=1&f=d&k=%E5%A8%98%E5%AE%B6%20%E5%A4%A7%E7%B4%85%E9%BA%B4
findprice,娘家大紅麴,Yahoo奇摩超級商城 - 德芳保健藥妝,"$ 2,451",民視 娘家大紅麴膠囊 30顆入【德芳保健藥妝】*SNQ國家品質標章*,"['活動\n萊爾富 $99 限量免運', '']",https://www.findprice.com.tw/go/g678gnsq/?s=0&t=1&f=d&k=%E5%A8%98%E5%AE%B6%20%E5%A4%A7%E7%B4%85%E9%BA%B4
findprice,娘家大紅麴,樂天市場 - 十二願藥局x心心藥局,"$ 2,299",【官方5正貨】娘家 大紅麴膠囊(30粒) (1盒/3盒/6盒) 娘家 大紅麴 十二願藥局,"['活動\n樂天618年中慶', '']",https://www.findprice.com.tw/go/gq7nzhw3/?s=0&t=1&f=d&k=%E5%A8%98%E5%AE%B6%20%E5%A4%A7%E7%B4%85%E9%BA%B4
findprice,娘家大紅麴,蝦皮商城 - 富康活力藥局,"$ 2,580",娘家 益生菌60包/入 娘家大紅麴30顆/盒 《現貨》乳酸菌 紅麴 【富康活力藥局】,"['活動\n天天蝦幣超值兌', '折扣\n6月薪客滿299折150  折扣碼：IA202206 複製折扣碼 ']",https://www.findprice.com.tw/go/gwtztdgy/?s=0&t=1&f=d&k=%E5%A8%98%E5%AE%B6%20%E5%A4%A7%E7%B4%85%E9%BA%B4
findprice,娘家大紅麴,樂天市場 - 安康藥妝,"$ 2,299",娘家 大紅麴膠囊 30入/盒｜公司貨-原廠授權之銷售通路《刷樂天卡滿$5000賺10%點數回饋》,"['活動\n樂天618年中慶', '']",https://www.findprice.com.tw/go/g8qvpbgy/?s=0&t=1&f=d&k=%E5%A8%98%E5%AE%B6%20%E5%A4%A7%E7%B4%85%E9%BA%B4
findprice,娘家大紅麴,Yahoo奇摩超級商城 - 元氣健康館,"$ 4,542",2盒組 娘家- 大紅麴（30粒/盒）元氣健康館,"['活動\n萊爾富 $99 限量免運', '']",https://www.findprice.com.tw/go/gxxr78wh/?s=0&t=1&f=d&k=%E5%A8%98%E5%AE%B6%20%E5%A4%A7%E7%B4%85%E9%BA%B4
findprice,娘家大紅麴,Yahoo奇摩購物中心,"$ 4,894",娘家大紅麴2盒組(30粒/盒) 原廠公司貨,"['活動\n最強618', '']",https://www.findprice.com.tw/go/gmtpxfwj/?s=0&t=1&f=d&k=%E5%A8%98%E5%AE%B6%20%E5%A4%A7%E7%B4%85%E9%BA%B4
findprice,娘家大紅麴,蝦皮商城 - 專品藥局,"$ 1,350",娘家大紅麴 娘家益生菌 娘家滴雞精 娘家益生菌順暢有酵強效版PLUS 娘家好茯敏 原廠公司貨 健康食品 專品藥局,"['活動\n天天蝦幣超值兌', '折扣\n6月薪客滿299折150  折扣碼：IA202206 複製折扣碼 ']",https://www.findprice.com.tw/go/g2umfcgk/?s=0&t=1&f=d&k=%E5%A8%98%E5%AE%B6%20%E5%A4%A7%E7%B4%85%E9%BA%B4
findprice,娘家大紅麴,家樂福線上購物網,"$ 6,811",娘家大紅麴三件組,"['', '']",https://www.findprice.com.tw/go/g2ndgud8/?s=0&t=1&f=d&k=%E5%A8%98%E5%AE%B6%20%E5%A4%A7%E7%B4%85%E9%BA%B4
findprice,娘家大紅麴,Yahoo奇摩購物中心,"$ 2,450",【滿3000登記送300購物金】(官方直營)娘家大紅麴,"['活動\n最強618', '']",https://www.findprice.com.tw/go/gin8grn8/?s=0&t=1&f=d&k=%E5%A8%98%E5%AE%B6%20%E5%A4%A7%E7%B4%85%E9%BA%B4
findprice,娘家大紅麴,SuperBuy市集,"$ 6,811",娘家大紅麴膠囊3盒88折,"['', '']",https://www.findprice.com.tw/go/gipfs7sf/?s=0&t=1&f=d&k=%E5%A8%98%E5%AE%B6%20%E5%A4%A7%E7%B4%85%E9%BA%B4
findprice,娘家大紅麴,蝦皮商城 - 大樹健康購物網(大樹藥局線上),"$ 6,811",娘家 大紅麴 30粒x3盒/組 大樹,"['活動\n下單抽蘋果萬元禮', '折扣\n6月薪客滿299折150  折扣碼：IA202206 複製折扣碼 ']",https://www.findprice.com.tw/go/gkjvbydg/?s=0&t=1&f=d&k=%E5%A8%98%E5%AE%B6%20%E5%A4%A7%E7%B4%85%E9%BA%B4
findprice,娘家大紅麴,Yahoo奇摩購物中心,"$ 6,811",娘家大紅麴30粒3入/組 娘家系列產品【杏一】,"['活動\n最強618 登記送300購物金', '']",https://www.findprice.com.tw/go/g3ihyz36/?s=0&t=1&f=d&k=%E5%A8%98%E5%AE%B6%20%E5%A4%A7%E7%B4%85%E9%BA%B4
findprice,娘家大紅麴,樂天市場 - 安康藥妝,"$ 6,690",娘家 大紅麴膠囊 30入/盒X3盒 組合價｜公司貨-原廠授權之銷售通路《刷樂天卡滿$5000賺10%點數回饋》,"['活動\n樂天618年中慶', '']",https://www.findprice.com.tw/go/g62i72k7/?s=0&t=1&f=d&k=%E5%A8%98%E5%AE%B6%20%E5%A4%A7%E7%B4%85%E9%BA%B4
findprice,娘家大紅麴,樂天市場 - 天妍,"$ 2,451",娘家大紅麴30粒,"['活動\n樂天618年中慶', '']",https://www.findprice.com.tw/go/gcsr7eg4/?s=0&t=1&f=d&k=%E5%A8%98%E5%AE%B6%20%E5%A4%A7%E7%B4%85%E9%BA%B4
findprice,娘家大紅麴,Yahoo奇摩購物中心,"$ 2,322",(官方直營)娘家大紅麴,"['活動\n最強618 登記送300購物金', '']",https://www.findprice.com.tw/go/gk9qjtfq/?s=0&t=1&f=d&k=%E5%A8%98%E5%AE%B6%20%E5%A4%A7%E7%B4%85%E9%BA%B4
findprice,娘家大紅麴,蝦皮商城 - 屈臣氏Watsons,"$ 2,451",娘家大紅麴膠囊30粒,"['活動\n下單抽蘋果萬元禮', '折扣\n6月薪客滿299折150  折扣碼：IA202206 複製折扣碼 ']",https://www.findprice.com.tw/go/gs3yf6u5/?s=0&t=1&f=d&k=%E5%A8%98%E5%AE%B6%20%E5%A4%A7%E7%B4%85%E9%BA%B4
findprice,娘家大紅麴,樂天市場 - 屈臣氏Watsons,"$ 2,451",娘家大紅麴膠囊30粒,"['活動\n樂天618年中慶', '']",https://www.findprice.com.tw/go/gkmpfk7n/?s=0&t=1&f=d&k=%E5%A8%98%E5%AE%B6%20%E5%A4%A7%E7%B4%85%E9%BA%B4
findprice,娘家大紅麴,7-ELEVEN線上購物中心,"$ 2,451",【娘家】大紅麴30粒,"['', '']",https://www.findprice.com.tw/go/gnphir3e/?s=0&t=1&f=d&k=%E5%A8%98%E5%AE%B6%20%E5%A4%A7%E7%B4%85%E9%BA%B4
findprice,娘家大紅麴,博客來,"$ 2,451",娘家大紅麴30粒/盒,"['', '']",https://www.findprice.com.tw/go/gndgc8iv/?s=0&t=1&f=d&k=%E5%A8%98%E5%AE%B6%20%E5%A4%A7%E7%B4%85%E9%BA%B4
findprice,娘家大紅麴,博客來,"$ 2,451",娘家大紅麴30粒/盒,"['', '']",https://www.findprice.com.tw/go/g5t5e6b5/?s=0&t=1&f=d&k=%E5%A8%98%E5%AE%B6%20%E5%A4%A7%E7%B4%85%E9%BA%B4
findprice,娘家大紅麴,Yahoo奇摩超級商城 - 屈臣氏Watsons,"$ 2,451",娘家大紅麴膠囊30粒,"['活動\n今日爆殺-特殺搶先報', '']",https://www.findprice.com.tw/go/gnt9aktv/?s=0&t=1&f=d&k=%E5%A8%98%E5%AE%B6%20%E5%A4%A7%E7%B4%85%E9%BA%B4
findprice,娘家大紅麴,蝦皮商城 - 康是美Cosmed,"$ 2,580",娘家大紅麴30粒膠囊,"['活動\n下單抽蘋果萬元禮', '折扣\n6月薪客滿299折150  折扣碼：IA202206 複製折扣碼 ']",https://www.findprice.com.tw/go/gp52nhcu/?s=0&t=1&f=d&k=%E5%A8%98%E5%AE%B6%20%E5%A4%A7%E7%B4%85%E9%BA%B4
findprice,娘家大紅麴,SuperBuy市集,"$ 2,451",娘家大紅麴膠囊1盒95折,"['', '']",https://www.findprice.com.tw/go/gq3whg84/?s=0&t=1&f=d&k=%E5%A8%98%E5%AE%B6%20%E5%A4%A7%E7%B4%85%E9%BA%B4
findprice,娘家大紅麴,蝦皮商城 - 麥叔叔的店 有發票最安心,"$ 2,450",娘家大紅麴膠囊 30粒/盒,"['活動\n下單抽蘋果萬元禮', '折扣\n6月薪客滿299折150  折扣碼：IA202206 複製折扣碼 ']",https://www.findprice.com.tw/go/gg8yv7yx/?s=0&t=1&f=d&k=%E5%A8%98%E5%AE%B6%20%E5%A4%A7%E7%B4%85%E9%BA%B4
findprice,娘家大紅麴,Yahoo奇摩超級商城 - 美麗人生連鎖藥局網路藥妝館,"$ 2,450",娘家大紅麴膠囊 30粒/盒,"['活動\n今日爆殺-特殺搶先報', '']",https://www.findprice.com.tw/go/gi328irm/?s=0&t=1&f=d&k=%E5%A8%98%E5%AE%B6%20%E5%A4%A7%E7%B4%85%E9%BA%B4
findprice,娘家大紅麴,鮮拾,"$ 2,580",【娘家】大紅麴30粒膠囊,"['活動\n結帳滿618登記抽金條', '折扣\n結帳滿$1688輸碼折$168  折扣碼：10MART168 複製折扣碼 ']",https://www.findprice.com.tw/go/gwsgqxev/?s=0&t=1&f=d&k=%E5%A8%98%E5%AE%B6%20%E5%A4%A7%E7%B4%85%E9%BA%B4
findprice,娘家大紅麴,iQueen 愛女人購物網,"$ 2,580",【娘家】大紅麴30粒/盒,"['', '']",https://www.findprice.com.tw/go/gujz74s7/?s=0&t=1&f=d&k=%E5%A8%98%E5%AE%B6%20%E5%A4%A7%E7%B4%85%E9%BA%B4
findprice,娘家大紅麴,friDay購物,"$ 2,451",娘家大紅麴1盒組 美鳳有約推薦,"['活動\n8周年生日慶，最高回饋50%', '']",https://www.findprice.com.tw/go/gc2eq3gu/?s=0&t=1&f=d&k=%E5%A8%98%E5%AE%B6%20%E5%A4%A7%E7%B4%85%E9%BA%B4
findprice,娘家大紅麴,樂天市場 - 萊恩藥局,"$ 2,322",娘家大紅麴 30粒/盒【萊恩藥局】,"['活動\n樂天618年中慶', '']",https://www.findprice.com.tw/go/gyadpcbd/?s=0&t=1&f=d&k=%E5%A8%98%E5%AE%B6%20%E5%A4%A7%E7%B4%85%E9%BA%B4
findprice,娘家大紅麴,樂天市場 - 元康藥局,"$ 2,298",娘家- 大紅麴（30粒/盒）元氣健康館,"['活動\n樂天618年中慶', '']",https://www.findprice.com.tw/go/gaivjvx9/?s=0&t=1&f=d&k=%E5%A8%98%E5%AE%B6%20%E5%A4%A7%E7%B4%85%E9%BA%B4
findprice,娘家大紅麴,ETMall東森購物網,"$ 2,451",【娘家】大紅麴一盒組(30粒/盒),"['', '']",https://www.findprice.com.tw/go/g9ym9u7w/?s=0&t=1&f=d&k=%E5%A8%98%E5%AE%B6%20%E5%A4%A7%E7%B4%85%E9%BA%B4
findprice,娘家大紅麴,Her森森購物網,"$ 2,451",【娘家】大紅麴一盒組(30粒/盒),"['', '']",https://www.findprice.com.tw/go/gj98ecgg/?s=0&t=1&f=d&k=%E5%A8%98%E5%AE%B6%20%E5%A4%A7%E7%B4%85%E9%BA%B4
findprice,娘家大紅麴,momo購物網,"$ 11,112",【娘家官方直營】娘家大紅麴五盒組(30粒/盒),"['活動\n年中同慶 先搶先贏', '']",https://www.findprice.com.tw/go/gy3ujm32/?s=0&t=1&f=d&k=%E5%A8%98%E5%AE%B6%20%E5%A4%A7%E7%B4%85%E9%BA%B4
findprice,娘家大紅麴,樂天市場 - 衛立兒生活館,"$ 2,450",娘家大紅麴30粒/盒★衛立兒生活館★,"['活動\n樂天618年中慶', '']",https://www.findprice.com.tw/go/gawv9uzm/?s=0&t=1&f=d&k=%E5%A8%98%E5%AE%B6%20%E5%A4%A7%E7%B4%85%E9%BA%B4
findprice,娘家大紅麴,momo摩天商城 - Heb康恒生醫,"$ 2,451",【娘家】大紅麴 30粒／盒（1入組）,"['', '']",https://www.findprice.com.tw/go/gj5s7qdy/?s=0&t=1&f=d&k=%E5%A8%98%E5%AE%B6%20%E5%A4%A7%E7%B4%85%E9%BA%B4
findprice,娘家大紅麴,Yahoo奇摩超級商城 - 衛立兒生活館,"$ 2,450",娘家大紅麴30粒/盒［衛立兒生活館］,"['活動\n618最下殺 美妝 / 保健 / 美食 / 寵物', '']",https://www.findprice.com.tw/go/gmaqfis8/?s=0&t=1&f=d&k=%E5%A8%98%E5%AE%B6%20%E5%A4%A7%E7%B4%85%E9%BA%B4
findprice,娘家大紅麴,ihergo愛合購,"$ 2,184",免運!【娘家】1盒30粒 大紅麴 30粒/盒,"['', '']",https://www.findprice.com.tw/go/g8gkj7wj/?s=0&t=1&f=d&k=%E5%A8%98%E5%AE%B6%20%E5%A4%A7%E7%B4%85%E9%BA%B4
findprice,娘家大紅麴,樂天市場 - 丞陽健康生活館,"$ 2,359",娘家大紅麴30粒/盒 ◆丞陽健康生活館◆,"['活動\n樂天618年中慶', '']",https://www.findprice.com.tw/go/gufaqhc8/?s=0&t=1&f=d&k=%E5%A8%98%E5%AE%B6%20%E5%A4%A7%E7%B4%85%E9%BA%B4
findprice,娘家大紅麴,樂天市場 - 愛兒麗婦幼用品,"$ 2,450",娘家大紅麴30粒/盒★愛兒麗婦幼用品★,"['活動\n樂天618年中慶', '']",https://www.findprice.com.tw/go/gk3e6umz/?s=0&t=1&f=d&k=%E5%A8%98%E5%AE%B6%20%E5%A4%A7%E7%B4%85%E9%BA%B4
findprice,娘家大紅麴,Yahoo奇摩超級商城 - 新高橋藥妝,"$ 2,450",娘家大紅麴 膠囊 30粒【新高橋藥妝】,"['活動\n618最下殺 美妝 / 保健 / 美食 / 寵物', '']",https://www.findprice.com.tw/go/gc8k9aeg/?s=0&t=1&f=d&k=%E5%A8%98%E5%AE%B6%20%E5%A4%A7%E7%B4%85%E9%BA%B4
findprice,娘家大紅麴,樂天市場 - MAYs 美生藥局,"$ 2,550",美生藥局｜【娘家】大紅麴 30粒/盒,"['活動\n樂天618年中慶', '']",https://www.findprice.com.tw/go/gdwfeauf/?s=0&t=1&f=d&k=%E5%A8%98%E5%AE%B6%20%E5%A4%A7%E7%B4%85%E9%BA%B4
findprice,娘家大紅麴,Yahoo奇摩超級商城 - 維康醫療,"$ 2,580",娘家大紅麴 30入膠囊/盒 *維康*,"['活動\n今日爆殺-特殺搶先報', '']",https://www.findprice.com.tw/go/g6ymzxm3/?s=0&t=1&f=d&k=%E5%A8%98%E5%AE%B6%20%E5%A4%A7%E7%B4%85%E9%BA%B4
findprice,娘家大紅麴,蝦皮商城 - 詠安世界藥局,"$ 2,250",娘家大紅麴膠囊(30粒/盒) 【詠安世界藥局】,"['活動\n下單抽蘋果萬元禮', '折扣\n6月薪客滿299折150  折扣碼：IA202206 複製折扣碼 ']",https://www.findprice.com.tw/go/gbtd2usg/?s=0&t=1&f=d&k=%E5%A8%98%E5%AE%B6%20%E5%A4%A7%E7%B4%85%E9%BA%B4
findprice,娘家大紅麴,樂天市場 - 橘子藥美麗,"$ 2,450",娘家大紅麴膠囊(30粒/盒) 娘家系列產品,"['活動\n樂天618年中慶', '']",https://www.findprice.com.tw/go/gizmv784/?s=0&t=1&f=d&k=%E5%A8%98%E5%AE%B6%20%E5%A4%A7%E7%B4%85%E9%BA%B4
findprice,娘家大紅麴,樂天市場 - 德芳保健藥妝,"$ 2,328",民視 娘家大紅麴膠囊 30顆入【德芳保健藥妝】,"['活動\n樂天618年中慶', '']",https://www.findprice.com.tw/go/grb4u76q/?s=0&t=1&f=d&k=%E5%A8%98%E5%AE%B6%20%E5%A4%A7%E7%B4%85%E9%BA%B4
findprice,娘家大紅麴,蝦皮商城 - 維康wellcare,"$ 2,580",娘家 大紅麴 30入膠囊/盒 維康 免運,"['活動\n下單抽蘋果萬元禮', '折扣\n6月薪客滿299折150  折扣碼：IA202206 複製折扣碼 ']",https://www.findprice.com.tw/go/gy7wpjt3/?s=0&t=1&f=d&k=%E5%A8%98%E5%AE%B6%20%E5%A4%A7%E7%B4%85%E9%BA%B4
findprice,娘家大紅麴,樂天市場 - 美十樂藥妝保健,"$ 2,450",娘家大紅麴30粒 衛部健食字第A00289號,"['活動\n樂天618年中慶', '']",https://www.findprice.com.tw/go/grxvmm38/?s=0&t=1&f=d&k=%E5%A8%98%E5%AE%B6%20%E5%A4%A7%E7%B4%85%E9%BA%B4
findprice,娘家大紅麴,樂天市場 - 立赫健保藥局,"$ 2,451",娘家 大紅麴 30粒/盒 公司貨【立赫藥局】,"['活動\n樂天618年中慶', '']",https://www.findprice.com.tw/go/g2e8ft25/?s=0&t=1&f=d&k=%E5%A8%98%E5%AE%B6%20%E5%A4%A7%E7%B4%85%E9%BA%B4
findprice,娘家大紅麴,Yahoo奇摩超級商城 - 仁仁保健藥妝,"$ 2,451",娘家 大紅麴膠囊(30粒/盒) 娘家系列產品,"['活動\n今日爆殺-特殺搶先報', '']",https://www.findprice.com.tw/go/gggk7ece/?s=0&t=1&f=d&k=%E5%A8%98%E5%AE%B6%20%E5%A4%A7%E7%B4%85%E9%BA%B4
findprice,娘家大紅麴,Yahoo奇摩超級商城 - 美十樂藥妝保健,"$ 2,450",娘家大紅麴30粒 衛部健食字第A00289號,"['活動\n今日爆殺-特殺搶先報', '']",https://www.findprice.com.tw/go/gfsm3k7a/?s=0&t=1&f=d&k=%E5%A8%98%E5%AE%B6%20%E5%A4%A7%E7%B4%85%E9%BA%B4
findprice,娘家大紅麴,蝦皮商城 - 久億藥局 官方賣場,"$ 2,450",娘家 大紅麴膠囊（30粒 / 盒）【久億藥局】,"['活動\n下單抽蘋果萬元禮', '折扣\n6月薪客滿299折150  折扣碼：IA202206 複製折扣碼 ']",https://www.findprice.com.tw/go/geshu5wv/?s=0&t=1&f=d&k=%E5%A8%98%E5%AE%B6%20%E5%A4%A7%E7%B4%85%E9%BA%B4
findprice,娘家大紅麴,momo購物網,"$ 2,451",【娘家官方直營】娘家大紅麴一盒組(30粒/盒),"['活動\nELEMIS 盛大開館慶 滿千折百無上限', '']",https://www.findprice.com.tw/go/gbwb6wvr/?s=0&t=1&f=d&k=%E5%A8%98%E5%AE%B6%20%E5%A4%A7%E7%B4%85%E9%BA%B4
findprice,娘家大紅麴,樂天市場 - 何藥局新一代藥妝連鎖,"$ 2,451",娘家 大紅麴膠囊30粒裝【何藥局新一代藥妝連鎖】,"['活動\n樂天618年中慶', '']",https://www.findprice.com.tw/go/gvx3yp72/?s=0&t=1&f=d&k=%E5%A8%98%E5%AE%B6%20%E5%A4%A7%E7%B4%85%E9%BA%B4
findprice,娘家大紅麴,Yahoo奇摩購物中心,"$ 2,701",娘家大紅麴一盒組(30粒/盒) 原廠公司貨,"['活動\n100%回饋 天天15:00準時開搶', '']",https://www.findprice.com.tw/go/g38nxz76/?s=0&t=1&f=d&k=%E5%A8%98%E5%AE%B6%20%E5%A4%A7%E7%B4%85%E9%BA%B4
findprice,娘家大紅麴,樂天市場 - buyme,"$ 1,840",娘家 大紅麴 30粒/盒 / 益生菌 60包/盒 【buyme】,"['活動\n樂天618年中慶', '']",https://www.findprice.com.tw/go/gdey9wxp/?s=0&t=1&f=d&k=%E5%A8%98%E5%AE%B6%20%E5%A4%A7%E7%B4%85%E9%BA%B4
findprice,娘家大紅麴,生活市集,"$ 2,580",【娘家】娘家大紅麴膠囊 30粒/盒【生活市集】,"['', '']",https://www.findprice.com.tw/go/gzmzt7qv/?s=0&t=1&f=d&k=%E5%A8%98%E5%AE%B6%20%E5%A4%A7%E7%B4%85%E9%BA%B4
findprice,娘家大紅麴,樂天市場 - hofunpharmacy,"$ 2,451",【娘家】大紅麴膠囊 (30粒/盒) 民視 禾坊藥局,"['活動\n樂天618年中慶', '']",https://www.findprice.com.tw/go/ggjvnx6v/?s=0&t=1&f=d&k=%E5%A8%98%E5%AE%B6%20%E5%A4%A7%E7%B4%85%E9%BA%B4
findprice,娘家大紅麴,樂天市場 - 上好連鎖藥局,"$ 2,580",【娘家】大紅麴膠囊 30粒/盒 【上好連鎖藥局】,"['活動\n樂天618年中慶', '']",https://www.findprice.com.tw/go/g5svmhew/?s=0&t=1&f=d&k=%E5%A8%98%E5%AE%B6%20%E5%A4%A7%E7%B4%85%E9%BA%B4
findprice,娘家大紅麴,momo摩天商城 - 杏一健康生活館,"$ 2,580",娘家 大紅麴膠囊 (30粒/盒)【杏一】(保健),"['', '']",https://www.findprice.com.tw/go/gfnh6y7u/?s=0&t=1&f=d&k=%E5%A8%98%E5%AE%B6%20%E5%A4%A7%E7%B4%85%E9%BA%B4
findprice,娘家大紅麴,樂天市場 - 光點藥局,"$ 2,450",娘家 大紅麴 (30粒/盒)｜光點藥局 2010740,"['活動\n樂天618年中慶', '']",https://www.findprice.com.tw/go/gz7w76e4/?s=0&t=1&f=d&k=%E5%A8%98%E5%AE%B6%20%E5%A4%A7%E7%B4%85%E9%BA%B4
findprice,娘家大紅麴,樂天市場 - 均福藥局,"$ 2,451",【民視 娘家】大紅麴 膠囊 30粒 (7-11)取貨免運,"['活動\n樂天618年中慶', '']",https://www.findprice.com.tw/go/gc68gkx5/?s=0&t=1&f=d&k=%E5%A8%98%E5%AE%B6%20%E5%A4%A7%E7%B4%85%E9%BA%B4
findprice,娘家大紅麴,Yahoo奇摩超級商城 - 優品購健康,"$ 2,750",【優品購健康 UPgo】娘家 大紅麴 膠囊 30顆,"['活動\n萊爾富 $99 限量免運', '']",https://www.findprice.com.tw/go/gcas7yvf/?s=0&t=1&f=d&k=%E5%A8%98%E5%AE%B6%20%E5%A4%A7%E7%B4%85%E9%BA%B4
findprice,娘家大紅麴,樂天市場 - 專品藥局,"$ 2,451",民視 娘家 大紅麴 膠囊 30粒 專品藥局【2011418】,"['活動\n樂天618年中慶', '']",https://www.findprice.com.tw/go/g76wfasp/?s=0&t=1&f=d&k=%E5%A8%98%E5%AE%B6%20%E5%A4%A7%E7%B4%85%E9%BA%B4
findprice,娘家大紅麴,樂天市場 - 杏一健康生活館,"$ 2,451",[最低$2271/盒]娘家 大紅麴膠囊(30粒/盒)【杏一】,"['活動\n樂天618年中慶', '']",https://www.findprice.com.tw/go/g88wt74s/?s=0&t=1&f=d&k=%E5%A8%98%E5%AE%B6%20%E5%A4%A7%E7%B4%85%E9%BA%B4
findprice,娘家大紅麴,momo購物網,"$ 30,960",【娘家官方直營】娘家大紅麴十二盒(30粒/盒),"['活動\n今日限定 日用婦幼日 瘋搶3折up', '']",https://www.findprice.com.tw/go/gvb82ib8/?s=0&t=1&f=d&k=%E5%A8%98%E5%AE%B6%20%E5%A4%A7%E7%B4%85%E9%BA%B4
findprice,娘家大紅麴,樂天市場 - 憨吉小舖,"$ 2,451",【實體藥局|公司貨】娘家 大紅麴膠囊 (30粒/盒) 憨吉小舖,"['活動\n樂天618年中慶', '']",https://www.findprice.com.tw/go/gtz5y96u/?s=0&t=1&f=d&k=%E5%A8%98%E5%AE%B6%20%E5%A4%A7%E7%B4%85%E9%BA%B4
findprice,娘家大紅麴,樂天市場 - 安博氏健康生活館,"$ 2,451",安博氏 民視 娘家大紅麴 (30粒/盒) 榮獲國家健康食品認證,"['活動\n樂天618年中慶', '']",https://www.findprice.com.tw/go/gssvpgpg/?s=0&t=1&f=d&k=%E5%A8%98%E5%AE%B6%20%E5%A4%A7%E7%B4%85%E9%BA%B4
findprice,娘家大紅麴,樂天市場 - 祐榮健康久久,"$ 2,270",民視娘家大紅麴 膠囊 30顆/盒《全月刷樂天卡滿$5000再享10%回饋》,"['活動\n樂天618年中慶', '']",https://www.findprice.com.tw/go/ghqhgasv/?s=0&t=1&f=d&k=%E5%A8%98%E5%AE%B6%20%E5%A4%A7%E7%B4%85%E9%BA%B4
findprice,娘家大紅麴,樂天市場 - 健人館,"$ 2,451",娘家大紅麴 30粒/盒*健人館*【一盒】《刷樂天卡滿$5000再享10%回饋》,"['活動\n樂天618年中慶', '']",https://www.findprice.com.tw/go/gb4ymxbg/?s=0&t=1&f=d&k=%E5%A8%98%E5%AE%B6%20%E5%A4%A7%E7%B4%85%E9%BA%B4
findprice,娘家大紅麴,蝦皮商城 - 美麗人生連鎖藥局網路藥妝館,"$ 2,450",娘家大紅麴膠囊 30粒/盒 (健康食品雙功效認證)【美麗人生連鎖藥局網路藥妝館】,"['活動\n下單抽蘋果萬元禮', '折扣\n6月薪客滿299折150  折扣碼：IA202206 複製折扣碼 ']",https://www.findprice.com.tw/go/g58cg4sm/?s=0&t=1&f=d&k=%E5%A8%98%E5%AE%B6%20%E5%A4%A7%E7%B4%85%E9%BA%B4
findprice,娘家大紅麴,樂天市場 - 天妍,"$ 4,644",娘家大紅麴30粒x2盒,"['活動\n樂天618年中慶', '']",https://www.findprice.com.tw/go/gnxpd8gn/?s=0&t=1&f=d&k=%E5%A8%98%E5%AE%B6%20%E5%A4%A7%E7%B4%85%E9%BA%B4
findprice,娘家大紅麴,SuperBuy市集,"$ 4,644",娘家大紅麴膠囊2盒9折,"['', '']",https://www.findprice.com.tw/go/gbw9qfq5/?s=0&t=1&f=d&k=%E5%A8%98%E5%AE%B6%20%E5%A4%A7%E7%B4%85%E9%BA%B4
findprice,娘家大紅麴,7-ELEVEN線上購物中心,"$ 4,644",【娘家】大紅麴30粒x2盒,"['', '']",https://www.findprice.com.tw/go/g5nbcnfw/?s=0&t=1&f=d&k=%E5%A8%98%E5%AE%B6%20%E5%A4%A7%E7%B4%85%E9%BA%B4
findprice,娘家大紅麴,friDay購物,"$ 4,644",娘家大紅麴2盒組 美鳳有約推薦,"['活動\n8周年生日慶，最高回饋50%', '']",https://www.findprice.com.tw/go/g3aq76gs/?s=0&t=1&f=d&k=%E5%A8%98%E5%AE%B6%20%E5%A4%A7%E7%B4%85%E9%BA%B4
findprice,娘家大紅麴,Yahoo奇摩超級商城 - 健康優購網,"$ 4,644",娘家大紅麴膠囊2盒(原廠供貨),"['活動\n萊爾富 $99 限量免運', '']",https://www.findprice.com.tw/go/geuh6izx/?s=0&t=1&f=d&k=%E5%A8%98%E5%AE%B6%20%E5%A4%A7%E7%B4%85%E9%BA%B4
findprice,娘家大紅麴,蝦皮商城 - 健康優購網,"$ 4,944",【民視】娘家大紅麴膠囊,"['活動\n6.18 必搶超強優惠', '折扣\n6月薪客滿299折150  折扣碼：IA202206 複製折扣碼 ']",https://www.findprice.com.tw/go/gffvq3ad/?s=0&t=1&f=d&k=%E5%A8%98%E5%AE%B6%20%E5%A4%A7%E7%B4%85%E9%BA%B4
findprice,娘家大紅麴,ETMall東森購物網,"$ 4,644",【娘家】大紅麴二盒組(30粒/盒),"['', '']",https://www.findprice.com.tw/go/g6kxdq7i/?s=0&t=1&f=d&k=%E5%A8%98%E5%AE%B6%20%E5%A4%A7%E7%B4%85%E9%BA%B4
findprice,娘家大紅麴,Her森森購物網,"$ 4,644",【娘家】大紅麴二盒組(30粒/盒),"['', '']",https://www.findprice.com.tw/go/gb6s52yb/?s=0&t=1&f=d&k=%E5%A8%98%E5%AE%B6%20%E5%A4%A7%E7%B4%85%E9%BA%B4
findprice,娘家大紅麴,樂天市場 - 衛立兒生活館,"$ 4,643",娘家大紅麴30粒x2盒★衛立兒生活館★,"['活動\n樂天618年中慶', '']",https://www.findprice.com.tw/go/g4wf4ckz/?s=0&t=1&f=d&k=%E5%A8%98%E5%AE%B6%20%E5%A4%A7%E7%B4%85%E9%BA%B4
findprice,娘家大紅麴,Yahoo奇摩超級商城 - 衛立兒生活館,"$ 4,643",娘家大紅麴30粒x2盒［衛立兒生活館］,"['活動\n萊爾富 $99 限量免運', '']",https://www.findprice.com.tw/go/g52k34ai/?s=0&t=1&f=d&k=%E5%A8%98%E5%AE%B6%20%E5%A4%A7%E7%B4%85%E9%BA%B4
findprice,娘家大紅麴,樂天市場 - 健人館,"$ 4,644",娘家大紅麴 30粒/盒*健人館*【兩盒】,"['活動\n樂天618年中慶', '']",https://www.findprice.com.tw/go/g7nhyfkh/?s=0&t=1&f=d&k=%E5%A8%98%E5%AE%B6%20%E5%A4%A7%E7%B4%85%E9%BA%B4
findprice,娘家大紅麴,樂天市場 - 愛兒麗婦幼用品,"$ 4,643",娘家大紅麴30粒x2盒★愛兒麗婦幼用品★,"['活動\n樂天618年中慶', '']",https://www.findprice.com.tw/go/gfce4ivt/?s=0&t=1&f=d&k=%E5%A8%98%E5%AE%B6%20%E5%A4%A7%E7%B4%85%E9%BA%B4
findprice,娘家大紅麴,樂天市場 - 元康藥局,"$ 4,542",2盒組 娘家- 大紅麴（30粒/盒）元氣健康館,"['活動\n樂天618年中慶', '']",https://www.findprice.com.tw/go/gt25s5t5/?s=0&t=1&f=d&k=%E5%A8%98%E5%AE%B6%20%E5%A4%A7%E7%B4%85%E9%BA%B4
findprice,娘家大紅麴,蝦皮商城 - 立赫藥局Hello Pharmacy,"$ 2,451",娘家 大紅麴 膠囊 30粒/盒 調節血脂 調節血糖 有助降低血清中膽固醇 三酸甘油酯 公司貨【立赫藥局】,"['活動\n6.18 必搶超強優惠', '折扣\n6月薪客滿299折150  折扣碼：IA202206 複製折扣碼 ']",https://www.findprice.com.tw/go/gbi7y9kd/?s=0&t=1&f=d&k=%E5%A8%98%E5%AE%B6%20%E5%A4%A7%E7%B4%85%E9%BA%B4
findprice,娘家大紅麴,ETMall東森購物網,"$ 4,920",【娘家】大紅麴1盒+明適保1盒 優惠組,"['', '']",https://www.findprice.com.tw/go/g2n8ejw5/?s=0&t=1&f=d&k=%E5%A8%98%E5%AE%B6%20%E5%A4%A7%E7%B4%85%E9%BA%B4
findprice,娘家大紅麴,Her森森購物網,"$ 4,920",【娘家】大紅麴1盒+明適保1盒 優惠組,"['', '']",https://www.findprice.com.tw/go/gvf6ife4/?s=0&t=1&f=d&k=%E5%A8%98%E5%AE%B6%20%E5%A4%A7%E7%B4%85%E9%BA%B4
findprice,娘家大紅麴,樂天市場 - 安康藥妝,"$ 4,299",娘家 大紅麴膠囊30入x2盒｜公司貨-原廠授權之銷售通路｜全店滿2000領卷享95折,"['活動\n樂天618年中慶', '']",https://www.findprice.com.tw/go/gqjb82km/?s=0&t=1&f=d&k=%E5%A8%98%E5%AE%B6%20%E5%A4%A7%E7%B4%85%E9%BA%B4
findprice,娘家大紅麴,momo摩天商城 - 杏一健康生活館,"$ 7,740",娘家 大紅麴膠囊 (30粒/ 盒，三盒特規組 ) 【杏一】(保健),"['', '']",https://www.findprice.com.tw/go/g7ivxprh/?s=0&t=1&f=d&k=%E5%A8%98%E5%AE%B6%20%E5%A4%A7%E7%B4%85%E9%BA%B4
findprice,娘家大紅麴,樂天市場 - 祐榮健康久久,"$ 4,386",民視娘家大紅麴 膠囊 30顆/盒x『2盒』《全月刷樂天卡滿$5000再享10%回饋》,"['活動\n樂天618年中慶', '']",https://www.findprice.com.tw/go/ggty3fpd/?s=0&t=1&f=d&k=%E5%A8%98%E5%AE%B6%20%E5%A4%A7%E7%B4%85%E9%BA%B4
findprice,娘家大紅麴,樂天市場 - 專品藥局,"$ 4,644",(2入特惠組) 民視 娘家 大紅麴 膠囊 30粒X2盒 專品藥局【2012556】,"['活動\n樂天618年中慶', '']",https://www.findprice.com.tw/go/gsh4cekm/?s=0&t=1&f=d&k=%E5%A8%98%E5%AE%B6%20%E5%A4%A7%E7%B4%85%E9%BA%B4
findprice,娘家大紅麴,Yahoo奇摩超級商城 - 專品藥局,"$ 4,644",(2入特惠組) 民視 娘家 大紅麴 膠囊 30粒X2盒 專品藥局【2012556】,"['活動\n618最下殺 美妝 / 保健 / 美食 / 寵物', '']",https://www.findprice.com.tw/go/gs3caspz/?s=0&t=1&f=d&k=%E5%A8%98%E5%AE%B6%20%E5%A4%A7%E7%B4%85%E9%BA%B4
findprice,娘家大紅麴,Yahoo奇摩超級商城 - 健康優購網,"$ 6,811",娘家大紅麴膠囊3盒組,"['活動\n618最下殺 美妝 / 保健 / 美食 / 寵物', '']",https://www.findprice.com.tw/go/gipprp3c/?s=0&t=1&f=d&k=%E5%A8%98%E5%AE%B6%20%E5%A4%A7%E7%B4%85%E9%BA%B4
findprice,娘家大紅麴,樂天市場 - 天妍,"$ 6,811",娘家大紅麴30粒x3盒,"['活動\n樂天618年中慶', '']",https://www.findprice.com.tw/go/grv5a8eq/?s=0&t=1&f=d&k=%E5%A8%98%E5%AE%B6%20%E5%A4%A7%E7%B4%85%E9%BA%B4
findprice,娘家大紅麴,博客來,"$ 6,811",娘家大紅麴30粒x3盒,"['', '']",https://www.findprice.com.tw/go/gbsbgyj7/?s=0&t=1&f=d&k=%E5%A8%98%E5%AE%B6%20%E5%A4%A7%E7%B4%85%E9%BA%B4
findprice,娘家大紅麴,博客來,"$ 6,811",娘家大紅麴30粒x3盒,"['', '']",https://www.findprice.com.tw/go/g3gqtm7c/?s=0&t=1&f=d&k=%E5%A8%98%E5%AE%B6%20%E5%A4%A7%E7%B4%85%E9%BA%B4
findprice,娘家大紅麴,樂天市場 - 信男藥局,"$ 2,451",娘家大紅麴 30粒/盒 【單盒】95折 點數5倍送,"['活動\n樂天618年中慶', '']",https://www.findprice.com.tw/go/gdnrx5c8/?s=0&t=1&f=d&k=%E5%A8%98%E5%AE%B6%20%E5%A4%A7%E7%B4%85%E9%BA%B4
findprice,娘家大紅麴,7-ELEVEN線上購物中心,"$ 6,811",【娘家】大紅麴30粒x3盒,"['', '']",https://www.findprice.com.tw/go/gpmxzfi5/?s=0&t=1&f=d&k=%E5%A8%98%E5%AE%B6%20%E5%A4%A7%E7%B4%85%E9%BA%B4
findprice,娘家大紅麴,friDay購物,"$ 6,811",娘家大紅麴3盒組 美鳳有約推薦,"['活動\n8周年生日慶，最高回饋50%', '']",https://www.findprice.com.tw/go/gqi5sism/?s=0&t=1&f=d&k=%E5%A8%98%E5%AE%B6%20%E5%A4%A7%E7%B4%85%E9%BA%B4
findprice,娘家大紅麴,樂天市場 - 全球藥局,"$ 2,451",娘家 大紅麴膠囊30粒【3入更優惠🔥過年送禮】全球藥局,"['活動\n樂天618年中慶', '']",https://www.findprice.com.tw/go/gy9up36u/?s=0&t=1&f=d&k=%E5%A8%98%E5%AE%B6%20%E5%A4%A7%E7%B4%85%E9%BA%B4
findprice,娘家大紅麴,蝦皮購物 - yong9092,$ 899,台灣現貨📣📣【6.3超殺特價】📣 免運 最新效期 娘家大紅麴膠囊(30粒/盒),"['活動\n百萬現金帶回家', '']",https://www.findprice.com.tw/go/git9iz5s/?s=0&t=1&f=d&k=%E5%A8%98%E5%AE%B6%20%E5%A4%A7%E7%B4%85%E9%BA%B4
findprice,娘家大紅麴,iQueen 愛女人購物網,"$ 6,880",【娘家】大紅麴30粒/盒*3,"['', '']",https://www.findprice.com.tw/go/ge6ud6ei/?s=0&t=1&f=d&k=%E5%A8%98%E5%AE%B6%20%E5%A4%A7%E7%B4%85%E9%BA%B4
findprice,娘家大紅麴,蝦皮商城 - 康是美Cosmed,"$ 6,811",娘家大紅麴（30粒/盒x3盒組）,"['活動\n天天蝦幣超值兌', '折扣\n6月薪客滿299折150  折扣碼：IA202206 複製折扣碼 ']",https://www.findprice.com.tw/go/gnvh864g/?s=0&t=1&f=d&k=%E5%A8%98%E5%AE%B6%20%E5%A4%A7%E7%B4%85%E9%BA%B4
findprice,娘家大紅麴,ETMall東森購物網,"$ 6,811",【娘家】大紅麴三盒組(30粒/盒),"['', '']",https://www.findprice.com.tw/go/g44gnx3u/?s=0&t=1&f=d&k=%E5%A8%98%E5%AE%B6%20%E5%A4%A7%E7%B4%85%E9%BA%B4
findprice,娘家大紅麴,Her森森購物網,"$ 6,811",【娘家】大紅麴三盒組(30粒/盒),"['', '']",https://www.findprice.com.tw/go/gp36ggcg/?s=0&t=1&f=d&k=%E5%A8%98%E5%AE%B6%20%E5%A4%A7%E7%B4%85%E9%BA%B4
findprice,娘家大紅麴,樂天市場 - 衛立兒生活館,"$ 6,700",娘家大紅麴30粒/盒X3盒★衛立兒生活館★,"['活動\n樂天618年中慶', '']",https://www.findprice.com.tw/go/gbshes9g/?s=0&t=1&f=d&k=%E5%A8%98%E5%AE%B6%20%E5%A4%A7%E7%B4%85%E9%BA%B4
findprice,娘家大紅麴,Yahoo奇摩超級商城 - 安康藥妝,"$ 6,699",娘家 大紅麴膠囊 30入/盒x3盒(組合價),"['活動\n萊爾富 $99 限量免運', '']",https://www.findprice.com.tw/go/gbkjvbey/?s=0&t=1&f=d&k=%E5%A8%98%E5%AE%B6%20%E5%A4%A7%E7%B4%85%E9%BA%B4
findprice,娘家大紅麴,樂天市場 - 愛兒麗婦幼用品,"$ 6,700",娘家大紅麴30粒/盒X3盒★愛兒麗婦幼用品★,"['活動\n樂天618年中慶', '']",https://www.findprice.com.tw/go/gysgqz6v/?s=0&t=1&f=d&k=%E5%A8%98%E5%AE%B6%20%E5%A4%A7%E7%B4%85%E9%BA%B4
findprice,娘家大紅麴,樂天市場 - 丞陽健康生活館,"$ 6,659",娘家大紅麴30粒/盒 X3盒◆丞陽健康生活館◆,"['活動\n樂天618年中慶', '']",https://www.findprice.com.tw/go/gwpbshiv/?s=0&t=1&f=d&k=%E5%A8%98%E5%AE%B6%20%E5%A4%A7%E7%B4%85%E9%BA%B4
findprice,娘家大紅麴,樂天市場 - 健人館,"$ 6,811",娘家大紅麴 30粒/盒*健人館*【三盒】,"['活動\n樂天618年中慶', '']",https://www.findprice.com.tw/go/g6kjdnbc/?s=0&t=1&f=d&k=%E5%A8%98%E5%AE%B6%20%E5%A4%A7%E7%B4%85%E9%BA%B4
findprice,娘家大紅麴,Yahoo奇摩超級商城 - 杏一健康生活館,"$ 6,811",娘家 大紅麴(30粒/3入/特規組)【杏一】,"['活動\n萊爾富 $99 限量免運', '']",https://www.findprice.com.tw/go/gxfaw78i/?s=0&t=1&f=d&k=%E5%A8%98%E5%AE%B6%20%E5%A4%A7%E7%B4%85%E9%BA%B4
findprice,娘家大紅麴,樂天市場 - 民雄久久藥局,"$ 6,800",實體藥局✅(3盒)娘家 大紅麴 膠囊 30粒/盒,"['活動\n樂天618年中慶', '']",https://www.findprice.com.tw/go/g9w9w5ur/?s=0&t=1&f=d&k=%E5%A8%98%E5%AE%B6%20%E5%A4%A7%E7%B4%85%E9%BA%B4
findprice,娘家大紅麴,樂天市場 - 杏一健康生活館,"$ 6,800",娘家大紅麴30粒3入/組 特規組 娘家系列產品【杏一】,"['活動\n樂天618年中慶', '']",https://www.findprice.com.tw/go/gvh4ydq9/?s=0&t=1&f=d&k=%E5%A8%98%E5%AE%B6%20%E5%A4%A7%E7%B4%85%E9%BA%B4
findprice,娘家大紅麴,Yahoo奇摩購物中心,"$ 7,061",娘家大紅麴3盒組(30粒/盒) 原廠公司貨,"['活動\n100%回饋 天天15:00準時開搶', '']",https://www.findprice.com.tw/go/g37qs5j5/?s=0&t=1&f=d&k=%E5%A8%98%E5%AE%B6%20%E5%A4%A7%E7%B4%85%E9%BA%B4
findprice,娘家大紅麴,樂天市場 - 光點藥局,"$ 6,810",娘家 大紅麴 (30粒/3盒)｜光點藥局 2010740,"['活動\n樂天618年中慶', '']",https://www.findprice.com.tw/go/gujpzbkd/?s=0&t=1&f=d&k=%E5%A8%98%E5%AE%B6%20%E5%A4%A7%E7%B4%85%E9%BA%B4
findprice,娘家大紅麴,樂天市場 - 均福藥局,"$ 6,811",【民視 娘家】大紅麴 膠囊 30粒X3盒 (7-11)取貨免運,"['活動\n樂天618年中慶', '']",https://www.findprice.com.tw/go/gp7smbnj/?s=0&t=1&f=d&k=%E5%A8%98%E5%AE%B6%20%E5%A4%A7%E7%B4%85%E9%BA%B4
findprice,娘家大紅麴,樂天市場 - 專品藥局,"$ 6,811",民視 娘家 大紅麴 膠囊 30粒X3盒 專品藥局【2012557】,"['活動\n樂天618年中慶', '']",https://www.findprice.com.tw/go/g3e6sdym/?s=0&t=1&f=d&k=%E5%A8%98%E5%AE%B6%20%E5%A4%A7%E7%B4%85%E9%BA%B4
findprice,娘家大紅麴,蝦皮商城 - 蝦皮超市,"$ 2,459",娘家 大紅麴膠囊 30粒/盒 國家健康食品認證 雙功效認證 調節血脂 調節血糖 現貨 蝦皮直送,"['活動\n蝦皮6.18 全民年中慶', '折扣\n6月薪客滿299折150  折扣碼：IA202206 複製折扣碼 ']",https://www.findprice.com.tw/go/g788s7ux/?s=0&t=1&f=d&k=%E5%A8%98%E5%AE%B6%20%E5%A4%A7%E7%B4%85%E9%BA%B4
findprice,娘家大紅麴,樂天市場 - 祐榮健康久久,"$ 6,580",民視娘家大紅麴 膠囊 30顆/盒x『3盒』《全月刷樂天卡滿$5000再享10%回饋》,"['活動\n樂天618年中慶', '']",https://www.findprice.com.tw/go/gckvheuz/?s=0&t=1&f=d&k=%E5%A8%98%E5%AE%B6%20%E5%A4%A7%E7%B4%85%E9%BA%B4
findprice,娘家大紅麴,Yahoo奇摩超級商城 - 專品藥局,"$ 6,811",(3入特惠組) 民視 娘家 大紅麴 膠囊 30粒X3盒 專品藥局【2012557】,"['活動\n今日爆殺-特殺搶先報', '']",https://www.findprice.com.tw/go/gudipf2q/?s=0&t=1&f=d&k=%E5%A8%98%E5%AE%B6%20%E5%A4%A7%E7%B4%85%E9%BA%B4
findprice,娘家大紅麴,ihergo愛合購,$ 67,免運!【娘家】大紅麴 30粒/盒 (3盒90粒，每粒66.7元),"['', '']",https://www.findprice.com.tw/go/gjz582q9/?s=0&t=1&f=d&k=%E5%A8%98%E5%AE%B6%20%E5%A4%A7%E7%B4%85%E9%BA%B4
findprice,娘家大紅麴,Yahoo奇摩購物中心,"$ 4,644",【滿3000登記送300購物金】【官方直營】娘家大紅麴x2,"['活動\n最強618', '']",https://www.findprice.com.tw/go/g5x5g4tq/?s=0&t=1&f=d&k=%E5%A8%98%E5%AE%B6%20%E5%A4%A7%E7%B4%85%E9%BA%B4
findprice,娘家大紅麴,樂天市場 - 信男藥局,"$ 6,811",娘家大紅麴 30粒/盒 【3盒】88折 點數5倍送,"['活動\n樂天618年中慶', '']",https://www.findprice.com.tw/go/gdi52ece/?s=0&t=1&f=d&k=%E5%A8%98%E5%AE%B6%20%E5%A4%A7%E7%B4%85%E9%BA%B4
findprice,娘家大紅麴,Yahoo奇摩購物中心,"$ 6,811",【滿3000登記送300購物金】【官方直營】娘家大紅麴x3盒,"['活動\n最強618', '']",https://www.findprice.com.tw/go/gidautpm/?s=0&t=1&f=d&k=%E5%A8%98%E5%AE%B6%20%E5%A4%A7%E7%B4%85%E9%BA%B4
findprice,娘家大紅麴,PChome 24h購物,"$ 6,811",★滿額登記送1000p幣娘家大紅麴膠囊(30粒裝/盒)x3盒【官方直營】,"['', '']",https://www.findprice.com.tw/go/g8qpp96a/?s=0&t=1&f=d&k=%E5%A8%98%E5%AE%B6%20%E5%A4%A7%E7%B4%85%E9%BA%B4
findprice,娘家大紅麴,PChome 商店街 - 微笑藥局 Smile Pharmacy 04-22432699,"$ 2,200",【微笑藥局】娘家大紅麴(30顆),"['', '']",https://www.findprice.com.tw/go/g86gsx7s/?s=0&t=1&f=d&k=%E5%A8%98%E5%AE%B6%20%E5%A4%A7%E7%B4%85%E9%BA%B4
findprice,娘家大紅麴,PChome 24h購物,"$ 2,451",★22週年▲狂樂購物節▲娘家大紅麴 30粒裝/盒【官方直營】,"['', '']",https://www.findprice.com.tw/go/gj7y3ufc/?s=0&t=1&f=d&k=%E5%A8%98%E5%AE%B6%20%E5%A4%A7%E7%B4%85%E9%BA%B4
findprice,娘家大紅麴,PChome 24h購物,"$ 4,644",★滿額登記送1000p幣娘家大紅麴膠囊 30粒裝 x 2盒【官方直營】,"['', '']",https://www.findprice.com.tw/go/g2uzfitz/?s=0&t=1&f=d&k=%E5%A8%98%E5%AE%B6%20%E5%A4%A7%E7%B4%85%E9%BA%B4
findprice,娘家大紅麴,Her森森購物網,"$ 11,112",【娘家】大紅麴五盒組(30粒/盒),"['', '']",https://www.findprice.com.tw/go/gy3nrtbk/?s=0&t=1&f=d&k=%E5%A8%98%E5%AE%B6%20%E5%A4%A7%E7%B4%85%E9%BA%B4
findprice,娘家大紅麴,ETMall東森購物網,"$ 11,112",【娘家】大紅麴五盒組(30粒/盒),"['', '']",https://www.findprice.com.tw/go/gjime5tq/?s=0&t=1&f=d&k=%E5%A8%98%E5%AE%B6%20%E5%A4%A7%E7%B4%85%E9%BA%B4
findprice,娘家大紅麴,Yahoo奇摩超級商城 - 健康優購網,"$ 13,313",娘家大紅麴膠囊6盒組,"['活動\n今日爆殺-特殺搶先報', '']",https://www.findprice.com.tw/go/ggc68asm/?s=0&t=1&f=d&k=%E5%A8%98%E5%AE%B6%20%E5%A4%A7%E7%B4%85%E9%BA%B4
findprice,娘家大紅麴,樂天市場 - 天妍,"$ 13,330",娘家大紅麴30粒x6盒,"['活動\n樂天618年中慶', '']",https://www.findprice.com.tw/go/gzsd3c7v/?s=0&t=1&f=d&k=%E5%A8%98%E5%AE%B6%20%E5%A4%A7%E7%B4%85%E9%BA%B4
findprice,娘家大紅麴,博客來,"$ 14,700",娘家大紅麴30粒x6盒,"['', '']",https://www.findprice.com.tw/go/g2upjtjp/?s=0&t=1&f=d&k=%E5%A8%98%E5%AE%B6%20%E5%A4%A7%E7%B4%85%E9%BA%B4
findprice,娘家大紅麴,博客來,"$ 14,700",娘家大紅麴30粒x6盒,"['', '']",https://www.findprice.com.tw/go/gjx7wtpp/?s=0&t=1&f=d&k=%E5%A8%98%E5%AE%B6%20%E5%A4%A7%E7%B4%85%E9%BA%B4
findprice,娘家大紅麴,博客來,"$ 14,700",娘家大紅麴30粒x6盒,"['', '']",https://www.findprice.com.tw/go/gmd46qrr/?s=0&t=1&f=d&k=%E5%A8%98%E5%AE%B6%20%E5%A4%A7%E7%B4%85%E9%BA%B4
findprice,娘家大紅麴,7-ELEVEN線上購物中心,"$ 14,700",【娘家】大紅麴30粒x6盒,"['', '']",https://www.findprice.com.tw/go/grhkzbg8/?s=0&t=1&f=d&k=%E5%A8%98%E5%AE%B6%20%E5%A4%A7%E7%B4%85%E9%BA%B4
findprice,娘家大紅麴,friDay購物,"$ 13,760",娘家大紅麴6盒組 美鳳有約推薦,"['活動\n8周年生日慶，最高回饋50%', '']",https://www.findprice.com.tw/go/gt5gkrhg/?s=0&t=1&f=d&k=%E5%A8%98%E5%AE%B6%20%E5%A4%A7%E7%B4%85%E9%BA%B4
findprice,娘家大紅麴,ETMall東森購物網,"$ 15,480",【娘家】大紅麴六盒組(30粒/盒),"['', '']",https://www.findprice.com.tw/go/gcw3gk7g/?s=0&t=1&f=d&k=%E5%A8%98%E5%AE%B6%20%E5%A4%A7%E7%B4%85%E9%BA%B4
findprice,娘家大紅麴,Her森森購物網,"$ 15,480",【娘家】大紅麴六盒組(30粒/盒),"['', '']",https://www.findprice.com.tw/go/gm3g6gwf/?s=0&t=1&f=d&k=%E5%A8%98%E5%AE%B6%20%E5%A4%A7%E7%B4%85%E9%BA%B4
findprice,娘家大紅麴,ETMall東森購物網,"$ 30,960",【娘家】大紅麴12盒組(30粒/盒),"['', '']",https://www.findprice.com.tw/go/g3sd2stm/?s=0&t=1&f=d&k=%E5%A8%98%E5%AE%B6%20%E5%A4%A7%E7%B4%85%E9%BA%B4
findprice,娘家大紅麴,Her森森購物網,"$ 30,960",【娘家】大紅麴12盒組(30粒/盒),"['', '']",https://www.findprice.com.tw/go/gss8fma8/?s=0&t=1&f=d&k=%E5%A8%98%E5%AE%B6%20%E5%A4%A7%E7%B4%85%E9%BA%B4
findprice,娘家大紅麴,樂天市場 - 愛兒麗婦幼用品,"$ 13,380",娘家大紅麴30粒/盒X6盒★愛兒麗婦幼用品★,"['活動\n樂天618年中慶', '']",https://www.findprice.com.tw/go/gvzdkx38/?s=0&t=1&f=d&k=%E5%A8%98%E5%AE%B6%20%E5%A4%A7%E7%B4%85%E9%BA%B4
findprice,娘家大紅麴,樂天市場 - 衛立兒生活館,"$ 13,380",娘家大紅麴30粒/盒X6盒★衛立兒生活館★,"['活動\n樂天618年中慶', '']",https://www.findprice.com.tw/go/gxx7g48i/?s=0&t=1&f=d&k=%E5%A8%98%E5%AE%B6%20%E5%A4%A7%E7%B4%85%E9%BA%B4
findprice,娘家大紅麴,PChome 24h購物,"$ 12,500",娘家 大紅麴膠囊(30粒裝/盒) x5盒【官方直營】,"['', '']",https://www.findprice.com.tw/go/g64nzfyj/?s=0&t=1&f=d&k=%E5%A8%98%E5%AE%B6%20%E5%A4%A7%E7%B4%85%E9%BA%B4
findprice,娘家大紅麴,樂天市場 - 安康藥妝,"$ 24,600",揪團下殺一盒只要2050元｜娘家大紅麴膠囊 30入/盒X12盒｜公司貨-原廠授權之銷售通路《刷樂天卡滿$5000賺10%點數回饋》,"['活動\n樂天618年中慶', '']",https://www.findprice.com.tw/go/gr5krx5u/?s=0&t=1&f=d&k=%E5%A8%98%E5%AE%B6%20%E5%A4%A7%E7%B4%85%E9%BA%B4
findprice,娘家大紅麴,PChome 商店街 - 莘莘藥局 美容藥妝店,"$ 24,000",(買10送1)娘家大紅麴30粒,"['', '']",https://www.findprice.com.tw/go/g5ca4uhk/?s=0&t=1&f=d&k=%E5%A8%98%E5%AE%B6%20%E5%A4%A7%E7%B4%85%E9%BA%B4
findprice,娘家大紅麴,Yahoo奇摩購物中心,"$ 15,480",【滿3000登記送300購物金】【官方直營】娘家大紅麴x6盒,"['活動\n最強618 登記送300購物金', '']",https://www.findprice.com.tw/go/g78akfst/?s=0&t=1&f=d&k=%E5%A8%98%E5%AE%B6%20%E5%A4%A7%E7%B4%85%E9%BA%B4
findprice,娘家大紅麴,PChome 24h購物,"$ 15,481",★滿額登記送1000p幣娘家大紅麴膠囊 30粒裝/盒 x6盒【官方直營】,"['', '']",https://www.findprice.com.tw/go/g2aaa8y3/?s=0&t=1&f=d&k=%E5%A8%98%E5%AE%B6%20%E5%A4%A7%E7%B4%85%E9%BA%B4
findprice,格瑞空氣淨化清淨機,Yahoo奇摩購物中心,"$ 22,800",格瑞空氣清淨機-白 / SNQ國家品質標章防疫認證產品,"['活動\n最強618', '']",https://www.findprice.com.tw/go/gd7dq3sy/?s=0&t=1&f=d&k=%E6%A0%BC%E7%91%9E%20%E7%A9%BA%E6%B0%A3%20%E6%B7%A8%E5%8C%96%20%E6%B8%85%E6%B7%A8%E6%A9%9F
findprice,格瑞空氣淨化清淨機,Yahoo奇摩購物中心,"$ 22,800",格瑞空氣清淨機-灰 / SNQ國家品質標章防疫認證產品,"['活動\n最強618', '']",https://www.findprice.com.tw/go/g875e67q/?s=0&t=1&f=d&k=%E6%A0%BC%E7%91%9E%20%E7%A9%BA%E6%B0%A3%20%E6%B7%A8%E5%8C%96%20%E6%B8%85%E6%B7%A8%E6%A9%9F
findprice,格瑞空氣淨化清淨機,Yahoo奇摩超級商城 - 健康優購網,"$ 22,800",格瑞空氣淨化清淨機-白色/SNQ國家品質標章 防疫認證產品,"['活動\n萊爾富 $99 限量免運', '']",https://www.findprice.com.tw/go/g46uvbst/?s=0&t=1&f=d&k=%E6%A0%BC%E7%91%9E%20%E7%A9%BA%E6%B0%A3%20%E6%B7%A8%E5%8C%96%20%E6%B8%85%E6%B7%A8%E6%A9%9F
findprice,格瑞空氣淨化清淨機,Yahoo奇摩超級商城 - 健康優購網,"$ 22,800",格瑞空氣淨化清淨機-鐵灰色/SNQ國家品質標章 防疫認證產品,"['活動\n萊爾富 $99 限量免運', '']",https://www.findprice.com.tw/go/gip3uj7c/?s=0&t=1&f=d&k=%E6%A0%BC%E7%91%9E%20%E7%A9%BA%E6%B0%A3%20%E6%B7%A8%E5%8C%96%20%E6%B8%85%E6%B7%A8%E6%A9%9F
findprice,格瑞空氣淨化清淨機,Yahoo奇摩超級商城 - 特力屋,"$ 34,800",格瑞 SHEN 恆壓電融式空氣清淨機(終身零耗材)(時尚版鐵灰),"['活動\n萊爾富 $99 限量免運', '']",https://www.findprice.com.tw/go/gnnqfkam/?s=0&t=1&f=d&k=%E6%A0%BC%E7%91%9E%20%E7%A9%BA%E6%B0%A3%20%E6%B7%A8%E5%8C%96%20%E6%B8%85%E6%B7%A8%E6%A9%9F
findprice,格瑞空氣淨化清淨機,蝦皮商城 - 健康優購網,"$ 22,800",格瑞空氣淨化清淨機/SNQ國家品質標章 防疫認證產品(5/27開始出貨),"['活動\n狂灑商城券', '折扣\n6月薪客滿299折150  折扣碼：IA202206 複製折扣碼 ']",https://www.findprice.com.tw/go/gh4y9c68/?s=0&t=1&f=d&k=%E6%A0%BC%E7%91%9E%20%E7%A9%BA%E6%B0%A3%20%E6%B7%A8%E5%8C%96%20%E6%B8%85%E6%B7%A8%E6%A9%9F
findprice,格瑞空氣淨化清淨機,蝦皮購物 - mia925705,"$ 30,000",格瑞空氣清淨機（不需耗材）,"['活動\n百萬現金帶回家', '']",https://www.findprice.com.tw/go/gdyfaqp5/?s=0&t=1&f=d&k=%E6%A0%BC%E7%91%9E%20%E7%A9%BA%E6%B0%A3%20%E6%B7%A8%E5%8C%96%20%E6%B8%85%E6%B7%A8%E6%A9%9F
