產品名稱,公司,產品類別,銷售通路,公司官網,產品頁面
青葉土豆麵筋,青葉食品工業股份有限公司,配菜,"['美廉社', '一般超市']",,https://eatender.firdi.org.tw/product/detail?id=10987
無糖肉鬆,新力香食品有限公司,配菜,,,https://eatender.firdi.org.tw/product/detail?id=10983
新東陽寶寶健康純豬肉鬆,新東陽股份有限公司大園廠,配菜,,,https://eatender.firdi.org.tw/product/detail?id=10982
趣啃派對ChickenBar-日式海苔,洽富實業股份有限公司,配菜,,,https://eatender.firdi.org.tw/product/detail?id=10980
大成鮮純雞肉鬆,大成長城股份有限公司,配菜,,,https://eatender.firdi.org.tw/product/detail?id=10984
鰻魚風味鮮魚鬆,屏榮實業股份有限公司,配菜,,,https://eatender.firdi.org.tw/product/detail?id=10985
喜琵鷥櫻花蝦鬆,駱駝鈴生機股份有限公司,休閒食品,,,https://eatender.firdi.org.tw/product/detail?id=10986
溏心蛋,福記冷凍食品股份有限公司,配菜,,,https://eatender.firdi.org.tw/product/detail?id=10981
三心鱸魚丸,瀚頂生物科技股份有限公司,RTC食材,,,https://eatender.firdi.org.tw/product/detail?id=10979
銀髮族純肉豬肉鬆,台中市大安區肉品市場,配菜,['郵政商城'],,https://eatender.firdi.org.tw/product/detail?id=11615
古早味手切滷肉醬,台亞食品有限公司,配菜,"['天良衛星電視台', 'JASONS', '愛買']",www.taiya.com.tw,https://eatender.firdi.org.tw/product/detail?id=11622
純虱目魚鬆,安永生活事業股份有限公司,配菜,['ANYOFRESH線上購物'],https://www.anyongfresh.com/,https://eatender.firdi.org.tw/product/detail?id=11620
林鳳營特濃重乳優格(無加糖),味全食品工業股份有限公司,乳品,,https://www.weichuan.com.tw/,https://eatender.firdi.org.tw/product/detail?id=11638
林鳳營特濃重乳優格,味全食品工業股份有限公司,乳品,,https://www.weichuan.com.tw/,https://eatender.firdi.org.tw/product/detail?id=11637
林鳳營特濃重乳優格(草莓),味全食品工業股份有限公司,乳品,"['喜互惠', '頂好Wellcome', '大潤發', '美廉社', '愛買', '家樂福', '全聯社']",https://www.weichuan.com.tw/,https://eatender.firdi.org.tw/product/detail?id=11640
林鳳營特濃重乳優格,味全食品工業股份有限公司,乳品,,https://www.weichuan.com.tw/,https://eatender.firdi.org.tw/product/detail?id=11636
林鳳營特濃重乳優格(無加糖),味全食品工業股份有限公司,乳品,,https://www.weichuan.com.tw/,https://eatender.firdi.org.tw/product/detail?id=11639
鮮羊乳,保證責任臺灣省嘉南羊乳運銷合作社,乳品,"['嘉南羊乳-官方訂購', '全國經銷訂購服務專線']",https://www.cng.com.tw/contact.php,https://eatender.firdi.org.tw/product/detail?id=11646
原味發酵羊乳,保證責任臺灣省嘉南羊乳運銷合作社,乳品,"['全國經銷訂購服務專線', '嘉南羊乳-官方訂購']",https://www.cng.com.tw/contact.php,https://eatender.firdi.org.tw/product/detail?id=11648
馬修嚴選原味優格,彩宸生活事業股份有限公司,其他,,https://www.matthewschoice.com/Shop/ProductList,https://eatender.firdi.org.tw/product/detail?id=11643
低脂鮮羊乳,保證責任臺灣省嘉南羊乳運銷合作社,乳品,"['全國經銷訂購服務專線', '嘉南羊乳-官方訂購']",https://www.cng.com.tw/contact.php,https://eatender.firdi.org.tw/product/detail?id=11647
馬修嚴選原味優格分享號G+,彩宸生活事業股份有限公司,其他,"['好物市集', '博客來', 'momo']",https://www.matthewschoice.com/Shop/ProductList,https://eatender.firdi.org.tw/product/detail?id=11641
馬修嚴選原味優格分享號,彩宸生活事業股份有限公司,其他,,https://www.matthewschoice.com/Shop/ProductList,https://eatender.firdi.org.tw/product/detail?id=11642
原味G+優格飲,彩宸生活事業股份有限公司,乳品,"['好物市集', '博客來', 'momo']",https://www.matthewschoice.com/Shop/ProductList,https://eatender.firdi.org.tw/product/detail?id=11644
高湯魚片粥,天和鮮物股份有限公司,主食,['全家行動購'],,https://eatender.firdi.org.tw/product/detail?id=10962
薑黃蕈菇粥,佳質食品研發有限公司,主食,"['PCHOME', 'CitySuper']",,https://eatender.firdi.org.tw/product/detail?id=10961
好漁夫鱸魚水餃,峰漁股份有限公司,主食,,,https://eatender.firdi.org.tw/product/detail?id=10967
手工去刺純虱目魚水餃,府城館事業股份有限公司,主食,,,https://eatender.firdi.org.tw/product/detail?id=10966
紅藜乾拌麵傳香胡麻風味,統欣生物科技股份有限公司,主食,,,https://eatender.firdi.org.tw/product/detail?id=10968
我鮮你食黑珍米飯糰(麻油筍干),魚之達人水產股份有限公司,主食,,,https://eatender.firdi.org.tw/product/detail?id=10965
起司南瓜海鮮燉飯,鮮湧企業股份有限公司,主食,,,https://eatender.firdi.org.tw/product/detail?id=10963
西式番茄牛肉燉飯,鮮湧企業股份有限公司,主食,,,https://eatender.firdi.org.tw/product/detail?id=10964
藻健康活力麵,沁園企業社,主食,['三立電電購'],,https://eatender.firdi.org.tw/product/detail?id=11602
大口高麗菜豬肉熟水餃,奇美食品股份有限公司,主食,"['全聯', '家樂福', '大潤發']",www.chimeifood.com.tw,https://eatender.firdi.org.tw/product/detail?id=11600
旺伯有機-有機杏仁藜麥飲,禾園生物科技有限公司,飲品,,,https://eatender.firdi.org.tw/product/detail?id=10998
冷藏虱目魚碗粿,板田實業有限公司,點心,['優鮮主意'],,https://eatender.firdi.org.tw/product/detail?id=11686
旺伯有機-有機黑米黑芝麻飲,禾園生物科技有限公司,飲品,,,https://eatender.firdi.org.tw/product/detail?id=10996
古早味鮮肉包,奇美食品股份有限公司,點心,['全聯'],www.chimeifood.com.tw,https://eatender.firdi.org.tw/product/detail?id=11687
旺伯有機-有機深焙亞麻堅果飲,禾園生物科技有限公司,飲品,,,https://eatender.firdi.org.tw/product/detail?id=10999
旺伯有機-有機深焙黑豆堅果飲,禾園生物科技有限公司,飲品,,,https://eatender.firdi.org.tw/product/detail?id=11000
營養補給調味乳(葡萄糖胺),乳之初牧場股份有限公司,飲品,,,https://eatender.firdi.org.tw/product/detail?id=10991
黑瓊露(黑木耳),食科院國際股份有限公司,飲品,,,https://eatender.firdi.org.tw/product/detail?id=11002
地瓜堅果飲,佳質食品研發有限公司,飲品,"['PCHOME', 'CitySuper']",,https://eatender.firdi.org.tw/product/detail?id=11001
能量海燕窩,參同企業有限公司,飲品,,,https://eatender.firdi.org.tw/product/detail?id=11004
營養補給調味乳(初乳),乳之初牧場股份有限公司,飲品,,,https://eatender.firdi.org.tw/product/detail?id=10992
綠色未來精力湯初乳明日葉配方,統健實業股份有限公司,飲品,,,https://eatender.firdi.org.tw/product/detail?id=10994
營養全穀堅果奶-葡萄糖胺配方,馬玉山食品工業股份有限公司,飲品,,,https://eatender.firdi.org.tw/product/detail?id=10993
銀髮族軟質餐_紫米粥、香菇肉燥、紅蘿蔔炒蛋、炒菠菜,奇美食品股份有限公司,餐食,['奇美醫療財團法人_奇美醫院'],,https://eatender.firdi.org.tw/product/detail?id=13280
里仁綜合蛋白補充飲,鈺統食品股份有限公司,飲品,,,https://eatender.firdi.org.tw/product/detail?id=10995
元進莊-高麗菜豬肉水餃,元進莊企業股份有限公司,餐食,"['全聯線上購', '全聯福利中心']",https://www.yjcfood.com/,https://eatender.firdi.org.tw/product/detail?id=13699
青花椒龍虎斑魚片糙米粥,中華海洋生技股份有限公司,餐食,,https://eshop.hiqbio.com/product?pid_for_show=3680&category_sn=906,https://eatender.firdi.org.tw/product/detail?id=13686
手工石斑魚肉水餃,安永生活事業股份有限公司,餐食,"['安永鮮物電子商務網站', '安永鮮物門市']",,https://eatender.firdi.org.tw/product/detail?id=13281
紅藜蔬食炒飯,義美食品股份有限公司,餐食,"['大潤發線上購物', '義美門市', '大潤發、家樂福、愛買', '7-11、全家、萊爾富、OK']",www.imeifoods.com,https://eatender.firdi.org.tw/product/detail?id=13715
及第冷凍豬肉玉米手工捏花水餃,統一企業股份有限公司,餐食,['全聯'],,https://eatender.firdi.org.tw/product/detail?id=13730
得意的一天番茄牛肉高湯粥,佳格食品股份有限公司,餐食,['全聯福利中心'],,https://eatender.firdi.org.tw/product/detail?id=13752
光泉頂級無加糖希臘式優酪,光泉牧場股份有限公司,點心,,,https://eatender.firdi.org.tw/product/detail?id=11011
海森日式五木燒鳥炊飯,一德立食品有限公司,餐食,"['蝦皮', '在新北市中和區有自有門市']",https://www.seaandland.com.tw/,https://eatender.firdi.org.tw/product/detail?id=13832
滿漢嘟嘟好蒜味小香腸,統一企業股份有限公司,點心,,,https://eatender.firdi.org.tw/product/detail?id=11010
卡士達麵包,統一企業股份有限公司,點心,"['7-11', 'OK']",,https://eatender.firdi.org.tw/product/detail?id=11007
里仁麻油鮮蔬粥,鈺統食品股份有限公司,飲品,,,https://eatender.firdi.org.tw/product/detail?id=11012
統欣生技彩虹蔬果(田園紫芋),統欣生物科技股份有限公司,點心,,,https://eatender.firdi.org.tw/product/detail?id=11013
紅豆紫米粥,福記冷凍食品股份有限公司,點心,,,https://eatender.firdi.org.tw/product/detail?id=11008
晨露樂齡粥綜合組,元進莊企業股份有限公司,點心,"['樂天', '蝦皮', '元進莊', '台中新光三越-中港店B2元進莊']",https://www.yjcfood.com/,https://eatender.firdi.org.tw/product/detail?id=11680
晨露寶寶粥綜合組,元進莊企業股份有限公司,點心,"['台中新光三越-中港店B2元進莊', '元進莊-晨露寶寶粥', '樂天']",https://reurl.cc/E72vag,https://eatender.firdi.org.tw/product/detail?id=11681
飼好漁思慕魚香蘿蔔糕,豐佑企業股份有限公司,點心,,,https://eatender.firdi.org.tw/product/detail?id=11009
大麥若葉田園粥,佳質食品研發有限公司,主食,"['遠東都會CitySuper超市', 'PCHOME']",http://www.value-foods.com.tw/que_grain/,https://eatender.firdi.org.tw/product/detail?id=11679
蒲燒鯛魚腹肉,東晟水產股份有限公司,主菜,,,https://eatender.firdi.org.tw/product/detail?id=10977
蔬菜顆粒-益生菌飽飽粥-紅藜麥海鮮,佳質食品研發有限公司,點心,['PCHOME'],http://www.value-foods.com.tw/que_grain/,https://eatender.firdi.org.tw/product/detail?id=11676
迷迭香雞胸肉,台灣農畜產工業股份有限公司,主菜,,,https://eatender.firdi.org.tw/product/detail?id=10975
無顆粒-益生菌飽飽粥-翡翠鮮菇,佳質食品研發有限公司,點心,['PCHOME'],http://www.value-foods.com.tw/que_grain/,https://eatender.firdi.org.tw/product/detail?id=11677
自信作-蒲燒鰻魚,屏榮實業股份有限公司,主菜,,,https://eatender.firdi.org.tw/product/detail?id=10978
秘製紅麴東坡肉,欣光食品股份有限公司,主菜,,,https://eatender.firdi.org.tw/product/detail?id=10970
滷肉豬,聯夏食品工業股份有限公司,主菜,,,https://eatender.firdi.org.tw/product/detail?id=10971
糖醋豬,聯夏食品工業股份有限公司,主菜,,,https://eatender.firdi.org.tw/product/detail?id=10972
京醬軟骨排,齊力國際行銷股份有限公司,主菜,,,https://eatender.firdi.org.tw/product/detail?id=10969
蔥油雞,聯夏食品工業股份有限公司,主菜,,,https://eatender.firdi.org.tw/product/detail?id=10973
原味玉子燒,祥旺食品工業股份有限公司,主菜,,,https://eatender.firdi.org.tw/product/detail?id=10976
三杯雞,聯夏食品工業股份有限公司,主菜,,,https://eatender.firdi.org.tw/product/detail?id=10974
台灣G霸樂活三胸帝,元進莊企業股份有限公司,主菜,['元進莊-台灣G霸樂活三胸帝'],https://reurl.cc/z8bkOp,https://eatender.firdi.org.tw/product/detail?id=11606
極品小海鱸魚全魚輪切,天和鮮物股份有限公司,主菜,,,https://eatender.firdi.org.tw/product/detail?id=11023
蔥香油雞肉絲,元進莊企業股份有限公司,主菜,['元進莊官網-蔥香油雞肉絲'],https://reurl.cc/xZgjze,https://eatender.firdi.org.tw/product/detail?id=11612
極品海鱸魚排少刺,天和鮮物股份有限公司,主食,,,https://eatender.firdi.org.tw/product/detail?id=11022
澎湖鮮蚵,天和鮮物股份有限公司,RTC食材,,,https://eatender.firdi.org.tw/product/detail?id=11030
鱸獲至寶料理組(CAS鮮凍-金目鱸魚排*1、CAS鮮凍-金目鱸魚片*1、安永-鱸魚高湯*1),安永生活事業股份有限公司,RTC食材,,,https://eatender.firdi.org.tw/product/detail?id=11020
台灣鯛魚片,東晟水產股份有限公司,RTC食材,,,https://eatender.firdi.org.tw/product/detail?id=11025
去刺魚片省時料理組,安永生活事業股份有限公司,RTC食材,,,https://eatender.firdi.org.tw/product/detail?id=11021
產銷履歷雞肉片,洽富實業股份有限公司,RTC食材,,,https://eatender.firdi.org.tw/product/detail?id=11019
歐式田園醃漬雞柳,洽富實業股份有限公司,RTC食材,,,https://eatender.firdi.org.tw/product/detail?id=11018
魚之達人黃金午仔菲力（潔淨標示）,魚之達人水產股份有限公司,主菜,,,https://eatender.firdi.org.tw/product/detail?id=11026
龍膽石斑魚片,斑鱻魚場有限公司,RTC食材,,,https://eatender.firdi.org.tw/product/detail?id=11027
mr.masala-芋香堅果醬,宏旺食品有限公司,調味料,,https://www.hongwang.com.tw/,https://eatender.firdi.org.tw/product/detail?id=11744
龍膽石斑肉丁,斑鱻魚場有限公司,RTC食材,,,https://eatender.firdi.org.tw/product/detail?id=11028
鱸魚法式魚排,瀚頂生物科技股份有限公司,RTC食材,,,https://eatender.firdi.org.tw/product/detail?id=11024
自然風茶油XO醬,自然風生物科技有限公司,調味料,['自然風線上商店'],,https://eatender.firdi.org.tw/product/detail?id=11720
醬職人國產無糖添加減鹽黑豆蔭油露,味榮食品工業股份有限公司,調味料,"['樂天', 'MOMO購物網']",,https://eatender.firdi.org.tw/product/detail?id=11717
自然風茶油紅麴薑泥,自然風生物科技有限公司,調味料,['自然風線上商店'],,https://eatender.firdi.org.tw/product/detail?id=11721
有機黃金麥味噌,味榮食品工業股份有限公司,調味料,"['樂天市場', '家樂福線上購物', 'superbuy市集', 'momo購物網']",,https://eatender.firdi.org.tw/product/detail?id=11718
孝敬銀髮族吳太太私房養生低溫初榨花生油,主惠實業股份有限公司,調味品,"['官網購物車', '源順芝麻觀光油廠']",,https://eatender.firdi.org.tw/product/detail?id=13279
純天然香菇海苔醬,菇王食品企業有限公司,調味料,"['PChome', '蝦皮商城']",,https://eatender.firdi.org.tw/product/detail?id=11719
順天本草棗安,順天本草股份有限公司,調味品,"['東森購物', 'YAHOO超級商城', '早安健康嚴選', 'MOMO購物網']",,https://eatender.firdi.org.tw/product/detail?id=13277
紅藜小米甜酒釀,菇王食品企業有限公司,調味品,"['蝦皮', '博客來', '誠品']",,https://eatender.firdi.org.tw/product/detail?id=13278
毓秀私房醬頂級猴菇梅干醬,雅薇股份有限公司,調味品,"['素易購', '健康食彩', '無毒的家', '特力和樂', '聖德科斯', '毓秀私房醬']",,https://eatender.firdi.org.tw/product/detail?id=13276
味榮海苔醬,味榮食品工業股份有限公司,調味品,['味榮柑仔店'],,https://eatender.firdi.org.tw/product/detail?id=13275
丸莊黑豆薄鹽醬油,丸莊食品工業股份有限公司,調味品,"['蝦皮購物', '聖德科斯', '愛買', '大潤發', '家樂福']",,https://eatender.firdi.org.tw/product/detail?id=13274
黃金蕎麥脆粒,台灣黃金蕎麥有限公司,休閒食品,,,https://eatender.firdi.org.tw/product/detail?id=11015
米花說-岩烤海苔,悅旺食品有限公司,休閒食品,['樂天市場'],,https://eatender.firdi.org.tw/product/detail?id=11014
鰻魚風味鮮魚鬆蛋捲雙拼組合,屏榮實業股份有限公司,休閒食品,,,https://eatender.firdi.org.tw/product/detail?id=11016
新東陽炙燒蜜汁豬樂條,新東陽股份有限公司大園廠,休閒食品,,,https://eatender.firdi.org.tw/product/detail?id=11017
米乖乖烤地瓜口味,乖乖股份有限公司,休閒食品,['全家'],https://www.kuai.com.tw/mainssl/modules/MySpace/index.php?sn=kuai&pg=ZC593740,https://eatender.firdi.org.tw/product/detail?id=11698
乖乖玉米脆條香蕉,乖乖股份有限公司,休閒食品,['全聯'],https://www.kuai.com.tw/mainssl/modules/MySpace/index.php?sn=kuai&pg=ZC593740,https://eatender.firdi.org.tw/product/detail?id=11699
乖乖玉米圈圈洋蔥,乖乖股份有限公司,休閒食品,['全聯'],https://www.kuai.com.tw/mainssl/modules/MySpace/index.php?sn=kuai&pg=ZC593740,https://eatender.firdi.org.tw/product/detail?id=11700
養豬人家原味豬肉絲,品冠現代畜產股份有限公司,休閒食品,"['愛合購', '官方網站', 'MOMO']",https://www.sunny-porkhouse.com/,https://eatender.firdi.org.tw/product/detail?id=11708
有機糙米餅,展康國際有機(股)公司,休閒食品,"['momo購物網', '家樂福']",,https://eatender.firdi.org.tw/product/detail?id=11704
臺灣活力米香捲-鮮採海苔口味,統百食品股份有限公司,休閒食品,"['家樂福量販店', 'pchome商店街', '樂天商城']",http://tongbae.com.tw,https://eatender.firdi.org.tw/product/detail?id=11703
有機活力米香捲-紫米口味,統百食品股份有限公司,休閒食品,"['家樂福量販店', '統百食品-pchome商店街', '統百食品-樂天商城']",http://tongbae.com.tw,https://eatender.firdi.org.tw/product/detail?id=11701
臺灣米夾心餅-特濃黑芝麻,統百食品股份有限公司,休閒食品,"['生態綠', '家樂福量販店', '統百食品-pchome商店街', '統百食品-樂天商城']",http://tongbae.com.tw,https://eatender.firdi.org.tw/product/detail?id=11702
狀元魚淬(養生),天時福水產食品股份有限公司,其他,,,https://eatender.firdi.org.tw/product/detail?id=11034
母傳鮮滴雞精,台灣牧場股份有限公司,其他,,,https://eatender.firdi.org.tw/product/detail?id=11031
狀元魚淬(原味),天時福水產食品股份有限公司,其他,,,https://eatender.firdi.org.tw/product/detail?id=11035
醬好糠,玉山鑫有限公司,其他,"['官網', '奧丁丁']",,https://eatender.firdi.org.tw/product/detail?id=11038
魚你守護鱸魚精禮盒,好廚家企業社,其他,,,https://eatender.firdi.org.tw/product/detail?id=11036
大成輕雞精,大成長城股份有限公司,湯品,,,https://eatender.firdi.org.tw/product/detail?id=11033
鮮選我-香菇塩麴風味料,臺鹽實業股份有限公司,其他,,,https://eatender.firdi.org.tw/product/detail?id=11039
健康優鮮鱸魚精,安永生活事業股份有限公司,其他,['ANYOFRESH線上購物'],,https://eatender.firdi.org.tw/product/detail?id=11037
鮮選我-鰹魚塩麴風味料,臺鹽實業股份有限公司,其他,,,https://eatender.firdi.org.tw/product/detail?id=11040
喜琵鷥滴雞精,駱駝鈴生機股份有限公司,湯品,['健康食彩天然有機健康專賣'],,https://eatender.firdi.org.tw/product/detail?id=11032
晨露滴雞精,元進莊企業股份有限公司,其他,"['台中新光三越-中港店B2元進莊', '元進莊-晨露滴雞精', '樂天', '蝦皮']",https://www.yjcfood.com/products/chenlu10,https://eatender.firdi.org.tw/product/detail?id=11722
精燉鱸魚高湯,峰漁股份有限公司,湯品,,,https://eatender.firdi.org.tw/product/detail?id=10989
石斑鮮燉湯,瀚頂生物科技股份有限公司,湯品,,,https://eatender.firdi.org.tw/product/detail?id=10990
孝敬銀髮族黃金歲月,主惠實業股份有限公司,其他,"['源順芝麻觀光油廠門市', '源順芝麻觀光油廠官網']",,https://eatender.firdi.org.tw/product/detail?id=11737
鮮盒子佛跳牆,鴻展食品生技股份有限公司,湯品,,,https://eatender.firdi.org.tw/product/detail?id=10988
桂核晶明雙蓮煲,安永生活事業股份有限公司,湯品,['ANYOFRESH線上購物'],https://www.anyongfresh.com/,https://eatender.firdi.org.tw/product/detail?id=11696
桂冠營養健康研究室美味健力湯禮盒,世達流通有限公司,湯品,"['桂冠營養研究室', '蝦皮', 'momo購物網']",,https://eatender.firdi.org.tw/product/detail?id=11635
四神排骨湯,得意中華食品有限公司,湯品,"['得意中華門市', '東森購物']",http://www.de-food.com.tw/defood.asp,https://eatender.firdi.org.tw/product/detail?id=11629
斑鱻貝比湯,斑鱻魚場股份有限公司,湯品,,www.banxianfish.com,https://eatender.firdi.org.tw/product/detail?id=11634
紅藜馬告山藥雞湯,得意中華食品有限公司,湯品,"['得意中華門市', '東森購物']",http://www.de-food.com.tw/defood.asp,https://eatender.firdi.org.tw/product/detail?id=11630
麻香油封燜鴨腿,齊力國際行銷股份有限公司,湯品,['樂食刻'],https://www.frozenfoods.com.tw/,https://eatender.firdi.org.tw/product/detail?id=11611
黑蒜雞腿煲,齊力國際行銷股份有限公司,湯品,['樂食刻'],https://www.frozenfoods.com.tw/,https://eatender.firdi.org.tw/product/detail?id=11632
原味鮮土雞高湯,凱馨實業股份有限公司,湯品,['聖德科斯'],,https://eatender.firdi.org.tw/product/detail?id=11631
頂級紅鑽茶葉蛋,金嘉隆企業股份有限公司,點心,"['pinkoi', '優馬選品', 'MONO', 'PChome']",https://www.sheriffteaegg.com/,https://eatender.firdi.org.tw/product/detail?id=11689
辣味茶葉蛋,金嘉隆企業股份有限公司,點心,"['pinkoi', '優馬選品', 'PChome', 'MOMO']",https://www.sheriffteaegg.com/,https://eatender.firdi.org.tw/product/detail?id=11690
清燉牛肉湯,齊力國際行銷股份有限公司,湯品,['樂食刻'],https://www.frozenfoods.com.tw/,https://eatender.firdi.org.tw/product/detail?id=11633
好富食堂日式柴魚雞肉鬆,洽富實業股份有限公司,配菜,['福壽好市集'],www.holkee.com/shop/charmingfood/products/10998,https://eatender.firdi.org.tw/product/detail?id=11619
陽光豬Q彈貢丸,品冠現代畜產股份有限公司,配菜,"['ＭＯＭＯ', '愛合購']",https://www.sunny-porkhouse.com/,https://eatender.firdi.org.tw/product/detail?id=11623
安永─古早味滷肉燥,安永生活事業股份有限公司,配菜,['ANYOFRESH線上購物'],https://www.anyongfresh.com/,https://eatender.firdi.org.tw/product/detail?id=11621
尊享肉鬆,唯豐商業有限公司,配菜,['唯豐肉鬆官網'],https://www.wayfong.com.tw/,https://eatender.firdi.org.tw/product/detail?id=11616
黑豆海苔米香鬆,統百食品股份有限公司,配菜,"['統百食品-pchome商店街', '統百食品-樂天商成']",http://tongbae.com.tw,https://eatender.firdi.org.tw/product/detail?id=11628
滑蛋,祥旺食品工業股份有限公司,配菜,,,https://eatender.firdi.org.tw/product/detail?id=11626
豆腐香腸,黑橋牌企業股份有限公司,配菜,"['黑橋牌蝦皮', '黑橋牌食品yahoog購物', '黑橋牌食品yahoo商城']",https://www.blackbridge.com.tw/,https://eatender.firdi.org.tw/product/detail?id=11624
葡萄籽油減鈉肉酥,黑橋牌企業股份有限公司,配菜,"['黑橋牌食品yahoo商城', '黑橋牌食品yahoo購物', '黑橋牌蝦皮']",https://www.blackbridge.com.tw/thing/188,https://eatender.firdi.org.tw/product/detail?id=11618
質白蛋,福記冷凍食品股份有限公司,點心,"['窩廚房', '全聯', 'OK便利商店、萊爾富']",https://www.fuche.com.tw/goods.php?act=view&no=188,https://eatender.firdi.org.tw/product/detail?id=11691
新東陽火腿絲,新東陽股份有限公司大園廠,配菜,['新東陽股份有限公司'],www.hty.com.tw,https://eatender.firdi.org.tw/product/detail?id=11625
無顆粒-益生菌飽飽粥-紫米甜瓜,佳質食品研發有限公司,點心,['PCHOME'],http://www.value-foods.com.tw/que_grain/,https://eatender.firdi.org.tw/product/detail?id=11678
奶皇包,奇美食品股份有限公司,點心,['全聯'],www.chimeifood.com.tw,https://eatender.firdi.org.tw/product/detail?id=11688
泰山十穀寶,泰山企業股份有限公司,點心,"['momo購物網', '泰山購物網', 'Yahoo購物中心', 'PChome24hr購物', '家樂福線上購物']",http://www.taisun.com.tw/product/%e6%b3%b0%e5%b1%b1%e5%8d%81%e7%a9%80%e5%af%b6/,https://eatender.firdi.org.tw/product/detail?id=11693
仙草涼露,員林食品有限公司,點心,['PINKOI'],,https://eatender.firdi.org.tw/product/detail?id=11695
馬拉糕,奇美食品股份有限公司,點心,['大潤發'],www.chimeifood.com.tw,https://eatender.firdi.org.tw/product/detail?id=11683
乳酪德式小香腸,黑橋牌企業股份有限公司,點心,"['黑橋牌直營門市專櫃', '全家']",全家,https://eatender.firdi.org.tw/product/detail?id=11692
統一蛋糕屋典藏蜂蜜蛋糕,統一企業股份有限公司,點心,['統一超商、OK、萊爾富'],https://www.pecos.com.tw/brands-統一蛋糕屋.html,https://eatender.firdi.org.tw/product/detail?id=11684
原味本舖八寶粥,統一企業股份有限公司,點心,['統一速邁自動販賣機'],https://www.pecos.com.tw/brands-原味本舖　.html,https://eatender.firdi.org.tw/product/detail?id=11694
冰糖雪梨百合銀耳羹,鮮湧企業股份有限公司,點心,,https://reurl.cc/yZEEY6,https://eatender.firdi.org.tw/product/detail?id=11697
營養滿點碗粿,齊力國際行銷股份有限公司,點心,['樂食刻'],https://www.frozenfoods.com.tw/,https://eatender.firdi.org.tw/product/detail?id=11685
紅藜燕麥麻油雞粥,今口香調理食品股份有限公司,點心,,,https://eatender.firdi.org.tw/product/detail?id=9824
泰山八寶粥,泰山企業股份有限公司,點心,"['泰山購物網', 'momo購物網', 'Yahoo購物中心', 'PChome24hr購物', '家樂福線上購物']",,https://eatender.firdi.org.tw/product/detail?id=9415
美式豆沙磚,鼎正有限公司,飲品,,,https://eatender.firdi.org.tw/product/detail?id=11005
里仁健補芝養素,鈺統食品股份有限公司,飲品,,,https://eatender.firdi.org.tw/product/detail?id=10997
健康行事曆有機高纖高鈣彩虹真穀粉,生展生物科技股份有限公司,飲品,"['攏來購longlifego', '消費高手一起購', '松果購物', 'momo購物網', '神腦生活購物', 'PChome', '神腦線上購物', 'PChome']",,https://eatender.firdi.org.tw/product/detail?id=11652
紅藜玉露六入禮盒組,欣欣生技食品股份有限公司,飲品,"['PayEasy全國最大企業福利網', '松果購物', '陽信銀行賣場', 'PCHOME個人賣場', 'PCHOME商店街', '樂天超市', '郵政商城', '蝦皮賣場', '露天拍賣', 'Yahoo奇摩拍賣']",https://www.hsinfood.com.tw/ec99/rwd1395/category.asp?category_id=60,https://eatender.firdi.org.tw/product/detail?id=11658
歐典生機藜麥黑木耳,歐典生物科技股份有限公司,飲品,,,https://eatender.firdi.org.tw/product/detail?id=11003
健康經典磚(小日記),鼎正有限公司,飲品,,,https://eatender.firdi.org.tw/product/detail?id=11006
紅藜木鱉果六入禮盒組,欣欣生技食品股份有限公司,飲品,"['PayEasy全國最大企業福利網', '松果購物', '陽信銀行賣場\t', 'PCHOME個人賣場', '樂天超市', '蝦皮賣場', 'PCHOME商店街', '郵政商城', '露天拍賣', 'Yahoo奇摩拍賣']",https://www.hsinfood.com.tw/ec99/rwd1395/category.asp?category_id=60,https://eatender.firdi.org.tw/product/detail?id=11659
海礦雪耳博士茶口味,宣美國際股份有限公司,飲品,"['誠品', '香港triplem', '美安', 'superbuy', '家樂福']",wellness168.com,https://eatender.firdi.org.tw/product/detail?id=11662
五谷登科(堅果),食科院國際股份有限公司,飲品,['谷溜谷溜官網'],www.guliuguliu.com.tw,https://eatender.firdi.org.tw/product/detail?id=11651
天然果罐子有機冰糖雪耳,長松食品有限公司,飲品,,,https://eatender.firdi.org.tw/product/detail?id=11660
龍斑鮮涮魚片,瀚頂生物科技股份有限公司,RTC食材,,,https://eatender.firdi.org.tw/product/detail?id=11029
海礦雪耳,宣美國際股份有限公司,飲品,"['superbuy', '誠品', '家樂福', '百利市']",www.wellness166.com,https://eatender.firdi.org.tw/product/detail?id=11661
黑米芝麻黑豆堅果飲,佳質食品研發有限公司,飲品,['PCHOME'],,https://eatender.firdi.org.tw/product/detail?id=11653
迷迭香醃漬雞柳,洽富實業股份有限公司,RTC食材,['福壽好市集'],www.holkee.com/charming-food,https://eatender.firdi.org.tw/product/detail?id=11713
鮮粥料理組(CAS鮮凍─鮮蚵＊1＋CAS鮮凍─生凍吻仔魚＊1),安永生活事業股份有限公司,RTC食材,,https://www.anyongfresh.com/,https://eatender.firdi.org.tw/product/detail?id=11716
經典蒜香醃漬雞柳,洽富實業股份有限公司,RTC食材,['福壽好市集'],www.holkee.com/charming-food,https://eatender.firdi.org.tw/product/detail?id=11714
SPF生命活蛋,晁陽農產科技股份有限公司,RTC食材,['GM_FACELANDING'],,https://eatender.firdi.org.tw/product/detail?id=11709
桂丁土雞胸肉切片,凱馨實業股份有限公司,RTC食材,['全聯福利中心'],,https://eatender.firdi.org.tw/product/detail?id=11710
綠野農莊去骨腿肉,超秦企業股份有限公司,RTC食材,"['蝦皮', 'PCHOME商店街', 'momo購物']",http://www.green-grange.com/index.php,https://eatender.firdi.org.tw/product/detail?id=11711
綠野農莊清肉切片,超秦企業股份有限公司,RTC食材,"['蝦皮購物', 'PCHOME商店街', 'MOMO購物']",http://www.green-grange.com/index.php,https://eatender.firdi.org.tw/product/detail?id=11712
生凍吻仔魚,安永生活事業股份有限公司,RTC,['ANYOFRESH線上購物'],,https://eatender.firdi.org.tw/product/detail?id=9418
珍鱺半月切,天和鮮物股份有限公司,RTC,,,https://eatender.firdi.org.tw/product/detail?id=9421
淳鮮-龍虎斑無骨法式魚排,瀚頂生物科技股份有限公司,RTC食材,,,https://eatender.firdi.org.tw/product/detail?id=9827
石斑魚肉,斑鱻魚場股份有限公司,RTC食材,['台灣好農'],,https://eatender.firdi.org.tw/product/detail?id=11715
全食物綜合麵條,格林全食物股份有限公司,主食,['普悅麗食品(民生門市)'],https://www.facebook.com/Green.TFL/,https://eatender.firdi.org.tw/product/detail?id=11601
元氣紫米糕,齊力國際行銷股份有限公司,主食,['樂食刻'],https://www.frozenfoods.com.tw/,https://eatender.firdi.org.tw/product/detail?id=11682
獨饗冷藏黃金煎餃,統一企業股份有限公司,主食,['7-ELEVEN'],https://www.uni-president.com.tw/,https://eatender.firdi.org.tw/product/detail?id=11599
日式鮭魚蕈菇炊飯,鮮湧企業股份有限公司,主食,['珍好食官網'],https://reurl.cc/xZG1ob,https://eatender.firdi.org.tw/product/detail?id=11596
蔥油鹽麴豬肉炊飯,鮮湧企業股份有限公司,主食,"['蝦皮', '珍好食官網']",https://reurl.cc/ar58V7,https://eatender.firdi.org.tw/product/detail?id=11595
芋頭鹹粥,福記冷凍食品股份有限公司,主食,,,https://eatender.firdi.org.tw/product/detail?id=11598
魩魚卵黃粥,鮮湧企業股份有限公司,主食,"['珍好食官網', '蝦皮']",https://reurl.cc/R4b9le,https://eatender.firdi.org.tw/product/detail?id=11597
海鱸魚魚排粥,天和鮮物股份有限公司,主食,,,https://eatender.firdi.org.tw/product/detail?id=9795
膳纖熟飯健康雙麥飯,南僑化學工業股份有限公司,主食,,,https://eatender.firdi.org.tw/product/detail?id=9426
膳纖熟飯(健康多穀飯),南僑化學工業股份有限公司,主食,,,https://eatender.firdi.org.tw/product/detail?id=9372
美味熟飯,南僑集團華強實業股份有限公司,主食,,,https://eatender.firdi.org.tw/product/detail?id=10485
黃金鯧魚排米粉,天和鮮物股份有限公司,主食,,,https://eatender.firdi.org.tw/product/detail?id=9818
新生活鮮羊乳,速易達國際開發有限公司,乳品,"['左營農會', '福華飯店HOMI超市', '頂好、家樂福、楓康、JASONS、高雄大樂、旺來昌、814、愛國、東齊']",www.newlife6118758.com,https://eatender.firdi.org.tw/product/detail?id=11645
光泉保久乳-成分無調整,光泉牧場股份有限公司,乳品,"['頂好', '全聯', '愛買', '大潤發', '家樂福']",,https://eatender.firdi.org.tw/product/detail?id=13206
黑芝麻牛乳,光泉牧場股份有限公司,乳品,"['PCHOME', '全聯', '愛買', '大潤發', '家樂福']",,https://eatender.firdi.org.tw/product/detail?id=13208
珍榖堅果牛乳,光泉牧場股份有限公司,乳品,"['PCHOME', '全聯', '愛買', '大潤發', '家樂福']",,https://eatender.firdi.org.tw/product/detail?id=13207
萬丹鮮奶紫心芋頭飲,味全食品工業股份有限公司,乳品,"['美廉社', '愛買', '大潤發', '家樂福', '全聯福利中心']",,https://eatender.firdi.org.tw/product/detail?id=13205
乳香世家高品質純鮮乳,光泉牧場股份有限公司,乳品,"['萊爾富', '全聯', '愛買', '大潤發', '家樂福']",,https://eatender.firdi.org.tw/product/detail?id=13203
鮮羊乳,豐新鮮實業股份有限公司,乳品,"['各地區經銷商配送', '豐新鮮官網']",,https://eatender.firdi.org.tw/product/detail?id=13204
飛牛乳清優格(紅龍果蜜桃),英茗德食品工業股份有限公司,乳品,"['飛牛牧場園區/牧場工坊、花坊、牛奶屋', 'Yahoo!超級商城/牛奶生活館/飛牛牧場', '微風廣場/飛牛牧場攤位']",,https://eatender.firdi.org.tw/product/detail?id=13200
雪比經典優格,隆昌食品有限公司,乳品,"['聖德科斯', '里仁']",,https://eatender.firdi.org.tw/product/detail?id=13202
飛牛乳清優格(百香芒果),英茗德食品工業股份有限公司,乳品,"['飛牛牧場園區/牧場工坊、花坊、牛奶屋', 'Yahoo!超級商城/牛奶生活館/飛牛牧場', '微風廣場/飛牛牧場攤位']",,https://eatender.firdi.org.tw/product/detail?id=13201
飛牛乳清優格(鳳梨),英茗德食品工業股份有限公司,乳品,"['飛牛牧場園區/牧場工坊、花坊、牛奶屋', 'Yahoo!超級商城/牛奶生活館/飛牛牧場', '微風廣場/飛牛牧場攤位']",,https://eatender.firdi.org.tw/product/detail?id=13199
飛牛乳清優格(無糖),英茗德食品工業股份有限公司,乳品,"['Yahoo!超級商城/牛奶生活館/飛牛牧場', '飛牛牧場園區/牧場工坊、花坊、牛奶屋', '微風廣場/飛牛牧場攤位']",,https://eatender.firdi.org.tw/product/detail?id=13198
蒸沙拉豆,聯夏食品工業股份有限公司,休閒食品,['聯夏食品官網、安永鮮物、健康食彩、統一生機、楓康超市'],聯夏食品,https://eatender.firdi.org.tw/product/detail?id=11706
蒸黑豆,聯夏食品工業股份有限公司,休閒食品,['聯夏食品官網、安永鮮物、健康食彩、統一生機、楓康超市'],聯夏食品,https://eatender.firdi.org.tw/product/detail?id=11705
好農葉酸蛋鮮蛋捲,御食股份有限公司,休閒食品,"['台灣好農超值市集(民生店)', '台灣好農']",,https://eatender.firdi.org.tw/product/detail?id=13265
吃果籽常溫鮮芒果布丁,豐喜食品股份有限公司,休閒食品,"['豐喜食品股份有限公司', '塔吉特門市櫃店位']",,https://eatender.firdi.org.tw/product/detail?id=13266
蒸大豆,聯夏食品工業股份有限公司,休閒食品,['聯夏食品官網、里仁、安永鮮物、健康食彩、統一生機、楓康超市'],聯夏食品,https://eatender.firdi.org.tw/product/detail?id=11707
萊斯飯店-有機糙米餅,瑞士達實業股份有限公司,休閒食品,['豆之味商城'],,https://eatender.firdi.org.tw/product/detail?id=13264
杏仁玄米餅,餐御宴食品有限公司,休閒食品,"['樂天市場', '博客來', 'momo購物網', '天天里仁', '里仁']",,https://eatender.firdi.org.tw/product/detail?id=13674
台灣紅藜熟脆片,得樂社會企業有限公司,休閒食品,['南投休息站原住民觀光地區'],http://taiwanquinoafamily.com/,https://eatender.firdi.org.tw/product/detail?id=13741
米大師生機糙米餅,米大師美食國際有限公司,休閒食品,"['博客來', 'momo購物網', '蝦皮商城', 'PCHOME購物網', '寶雅（已提報上架，將於５月上市）']",https://www.mastermi.tw/products_detail/234/1.htm,https://eatender.firdi.org.tw/product/detail?id=13711
米蛋白能量餅-臺灣花生口味,統百食品股份有限公司,休閒食品,"['FB粉專', '阿久師官網', '訂購專線：05-2755002', '丁丁藥局、寶雅']",https://www.master-jiu.com/,https://eatender.firdi.org.tw/product/detail?id=13772
黑橋牌燒肉風味黑豬厚燒條子肉乾,黑橋牌企業股份有限公司,休閒食品,"['蝦皮', 'yahoo購物商城', 'yahoo購物中心']",https://www.blackbridge.com.tw/product/1126,https://eatender.firdi.org.tw/product/detail?id=13768
臺灣米夾心餅-鮮採海苔口味,統百食品股份有限公司,休閒食品,"['樂天商城', 'PChome商店街', 'FB粉專', '阿久師官網', '訂購專線：05-2755002', '寶雅、丁丁藥局']",https://www.master-jiu.com/,https://eatender.firdi.org.tw/product/detail?id=13773
有機鳳梨豆鼓,味榮食品工業股份有限公司,調味品,"['momo購物網', 'pchome商店街', '蝦皮商城', 'pchome24小時', 'www.weijung.com', '聖德科斯、里仁']",www.sauceco.com.tw,https://eatender.firdi.org.tw/product/detail?id=13765
國產紅麴味噌,味榮食品工業股份有限公司,調味品,"['蝦皮購物', 'www.weijung.com']",www.sauceco.com.tw,https://eatender.firdi.org.tw/product/detail?id=13769
2021社會企業|老梅醬,友聚生機實業股份有限公司,調味品,"['愛飯團', 'Pinkoi', '健康食彩']",https://www.2021.com.tw/SalePage/Index/6341368,https://eatender.firdi.org.tw/product/detail?id=13792
紅麴薑泥拌醬,味榮食品工業股份有限公司,調味品,"['蝦皮購物', 'PCHOME24小時', '樂天市場購物網', 'MOMO購物網', 'www.weijung.com']",www.sauceco.com.tw,https://eatender.firdi.org.tw/product/detail?id=13767
玫瑰蜂蜜醋,味榮食品工業股份有限公司,調味品,['味榮柑仔店'],www.sauceco.com.tw,https://eatender.firdi.org.tw/product/detail?id=13770
清香麻油雞胸肉,台灣農畜產工業股份有限公司農科分公司,主菜,"['Urmark', 'momo', '熊媽媽買菜網', '樂天市場購物網', '松果購物']",,https://eatender.firdi.org.tw/product/detail?id=11607
三機杏仁壯,鈺統食品股份有限公司,調味品,,https://shop.sungift.tw/products/%E6%9D%8F%E4%BB%81%E5%A3%AF,https://eatender.firdi.org.tw/product/detail?id=13813
舒肥嫩雞胸(油蔥),欣光食品股份有限公司,主菜,"['蝦皮', '松果']",http://www.chinabest.com.tw/product.php?pid_for_show=3311&category_sn=564,https://eatender.firdi.org.tw/product/detail?id=11608
法式舒肥嫩雞胸,欣光食品股份有限公司,主菜,['全家便利商店'],,https://eatender.firdi.org.tw/product/detail?id=11610
外婆的紅燒肉,品冠現代畜產股份有限公司,主菜,"['愛合購', '官方網站', 'ＭＯＭＯ']",https://www.sunny-porkhouse.com/,https://eatender.firdi.org.tw/product/detail?id=11604
舒肥嫩雞胸(椒麻),欣光食品股份有限公司,主菜,"['蝦皮', '松果']",https://reurl.cc/YlZVpX,https://eatender.firdi.org.tw/product/detail?id=11609
陽光豬銀幼調理細豬柳,品冠現代畜產股份有限公司,主菜,['自營門市'],https://www.sunny-porkhouse.com/,https://eatender.firdi.org.tw/product/detail?id=11605
飯友秘製麻辣鍋底(附鴨血),頂裕食品股份有限公司,主菜,"['愛買、大潤發、蝦皮商店、momo、官網', '愛買、大潤發、蝦皮商店、momo']",https://www.hanyugroup.com.tw/,https://eatender.firdi.org.tw/product/detail?id=11614
蒲燒虱目魚,得意中華食品有限公司,主菜,"['得意中華門市', '新東陽門市']",http://www.de-food.com.tw/defood.asp,https://eatender.firdi.org.tw/product/detail?id=11613
紅燒獅子頭,台灣農畜產工業股份有限公司,主菜,,,https://eatender.firdi.org.tw/product/detail?id=11263
新東陽無骨豬腳,新東陽股份有限公司大園廠,主菜,['新東陽食品館及專櫃'],https://shopping.hty.com.tw/,https://eatender.firdi.org.tw/product/detail?id=11603
蒲燒台灣鯛魚腹,佳辰實業股份有限公司,RTC食材,,,https://eatender.firdi.org.tw/product/detail?id=10498
龍膽石斑魚高湯,天和鮮物股份有限公司,湯品,,,https://eatender.firdi.org.tw/product/detail?id=11267
菌沛尖吻鱸魚排,峰漁股份有限公司,主菜,,,https://eatender.firdi.org.tw/product/detail?id=9822
天麻枸杞鱸魚湯,安永生活事業股份有限公司,湯品,['ANYOFRESH線上購物'],,https://eatender.firdi.org.tw/product/detail?id=11266
龍膽石斑魚高湯,安永生活事業股份有限公司,湯品,"['安永鮮物門市', '安永鮮物電子']",,https://eatender.firdi.org.tw/product/detail?id=13197
桂冠營養研究室牛肝菌鷹嘴豆濃湯,世達流通有限公司,湯品,"['康健嚴選', '微風超市', '誠品知味市集', '新光三越百貨超市', 'SHOP．COM']",,https://eatender.firdi.org.tw/product/detail?id=13194
龍虎斑魚湯,天和鮮物股份有限公司,湯品,,,https://eatender.firdi.org.tw/product/detail?id=9819
味王南瓜濃湯,味王股份有限公司,湯品,"['PChome24h購物', '蝦皮商城', '寶家POYAHOME', '愛買', '家樂福']",,https://eatender.firdi.org.tw/product/detail?id=13196
醇濃毛豆洋芋巧達,漢典有限公司,湯品,"['中化銀髮好物嚴選', '樂食刻']",,https://eatender.firdi.org.tw/product/detail?id=13195
桂冠營養研究室腐竹鮮菇雞湯,世達流通有限公司,湯品,"['誠品知味市集', 'SHOP．COM', '康健嚴選', '新光三越百貨超市', '微風超市']",,https://eatender.firdi.org.tw/product/detail?id=13192
枸杞香菇雞湯,欣光食品股份有限公司,湯品,['自有官網'],,https://eatender.firdi.org.tw/product/detail?id=13191
桂冠營養研究室奶香枝豆濃湯,世達流通有限公司,湯品,"['SHOP．COM', '微風超市', '新光三越百貨超市', '誠品知味市集', '康健嚴選']",,https://eatender.firdi.org.tw/product/detail?id=13193
元進莊黑蒜烏骨雞,元進莊企業股份有限公司,湯品,"['大潤發', '愛買', '楓康', '台中新光三越-中港店B2元進莊']",,https://eatender.firdi.org.tw/product/detail?id=13189
元進莊黃金蟲草烏骨雞,元進莊企業股份有限公司,湯品,"['愛買', '大潤發', '楓康', '台中新光三越-中港店B2元進莊']",,https://eatender.firdi.org.tw/product/detail?id=13190
豬肉鬆,廣達香食品股份有限公司,配菜,"['自由聯盟', '愛買', '松果購物', 'PCHOME商店街', '東森購物', '奇摩商城', 'MOMO購物']",https://www.kthfoods.com/,https://eatender.firdi.org.tw/product/detail?id=11617
大成鮮純雞肉鬆,大成長城股份有限公司,配菜,,,https://eatender.firdi.org.tw/product/detail?id=10984
東港櫻花蝦,佳辰實業股份有限公司,配菜,,,https://eatender.firdi.org.tw/product/detail?id=10499
麻油猴頭菇,鮮湧企業股份有限公司,配菜,,https://reurl.cc/WLdXe5,https://eatender.firdi.org.tw/product/detail?id=11627
葡萄籽油原味肉酥,台灣農畜產工業股份有限公司,配菜,,,https://eatender.firdi.org.tw/product/detail?id=11264
新東陽養生肉鬆,新東陽股份有限公司(大園廠),配菜,,,https://eatender.firdi.org.tw/product/detail?id=11265
新東陽純雞肉鬆,新東陽股份有限公司(大園廠),配菜,,,https://eatender.firdi.org.tw/product/detail?id=9798
素獅子頭,鮮湧企業股份有限公司,配菜,['鮮湧官網'],,https://eatender.firdi.org.tw/product/detail?id=13187
三杯鮮菇天貝,鮮湧企業股份有限公司,配菜,['鮮湧官網'],,https://eatender.firdi.org.tw/product/detail?id=13185
青葉有機綜合菇,青葉食品工業股份有限公司,配菜,['有機商店'],,https://eatender.firdi.org.tw/product/detail?id=10510
有機冷凍鹽味毛豆,禎祥食品工業股份有限公司,配菜,"['MOMO', '蝦皮', '鮮拾pickup', '禎祥官網']",,https://eatender.firdi.org.tw/product/detail?id=13186
有機貝比生菜,玉美研究股份有限公司,其他,,,https://eatender.firdi.org.tw/product/detail?id=10492
好富食堂養生滴雞精,洽富實業股份有限公司,其他,['福壽好市集'],www.holkee.com/charming-food,https://eatender.firdi.org.tw/product/detail?id=11723
鱘寶symbolsturgeon鱘龍骨膠原凍,皇贊股份有限公司,其他,,www.kingtop1688.com,https://eatender.firdi.org.tw/product/detail?id=11736
孝敬銀髮族超級黃金歲月,主惠實業股份有限公司,其他,"['源順芝麻觀光油廠門市', '源順芝麻觀光油廠官網']",,https://eatender.firdi.org.tw/product/detail?id=11738
優補達人優鈣珍珠鰻魚精,宣美國際股份有限公司,其他,"['官網', '電電購', '紫金堂', 'momo', 'superbuy']",wellness168.com,https://eatender.firdi.org.tw/product/detail?id=11733
鱘寶symbolsturgeon純鱘萃SP1600,皇贊股份有限公司,其他,"['momo', '蝦皮', 'yahoo']",www.kingtop1688.com,https://eatender.firdi.org.tw/product/detail?id=11734
鱘寶symbolsturgeon鱘龍骨膠原凍,皇贊股份有限公司,其他,,www.kingtop1688.com,https://eatender.firdi.org.tw/product/detail?id=11735
SPF淨活滴雞精,晁陽農產科技股份有限公司,其他,['GM-FACELANDING'],,https://eatender.firdi.org.tw/product/detail?id=11724
100％細化南瓜,格林全食物股份有限公司,其他,,https://www.facebook.com/Green.TFL/,https://eatender.firdi.org.tw/product/detail?id=11741
洛神果漿,彩宸生活事業股份有限公司,其他,['全台直營門市專櫃(18家)'],https://www.matthewschoice.com/Shop/ProductList,https://eatender.firdi.org.tw/product/detail?id=11743
格林全食物100％細化鳳梨,格林全食物股份有限公司,其他,,https://www.facebook.com/Green.TFL/,https://eatender.firdi.org.tw/product/detail?id=11742
原味烏骨雞精,凱馨實業股份有限公司,其他,,http://shop.gugugoo.com/,https://eatender.firdi.org.tw/product/detail?id=11725
帝雞精(烏骨雞),凱馨實業股份有限公司,其他,['聖德科斯'],,https://eatender.firdi.org.tw/product/detail?id=11726
牛奶蒸果子,統一企業股份有限公司,點心,,,https://eatender.firdi.org.tw/product/detail?id=10504
頂級希臘式優酪,光泉牧場股份有限公司,點心,,,https://eatender.firdi.org.tw/product/detail?id=10489
青斑高麗菜粥,天和鮮物股份有限公司,點心,,,https://eatender.firdi.org.tw/product/detail?id=9802
紅藜燕麥麻油雞粥,今口香調理食品股份有限公司,點心,,,https://eatender.firdi.org.tw/product/detail?id=9824
及第小籠湯包,統一企業股份有限公司,點心,,,https://eatender.firdi.org.tw/product/detail?id=10503
香腸蘿蔔糕,黑橋牌企業股份有限公司,點心,,,https://eatender.firdi.org.tw/product/detail?id=10495
台灣紅豆湯,福記冷凍食品股份有限公司,點心,,,https://eatender.firdi.org.tw/product/detail?id=10487
芋頭甜湯,福記冷凍食品股份有限公司,點心,,,https://eatender.firdi.org.tw/product/detail?id=10486
木崗雞蛋布蕾,味全食品工業股份有限公司,點心,"['全聯', '頂好', '愛買', '大潤發', '家樂福']",,https://eatender.firdi.org.tw/product/detail?id=13262
植物奶優格-原味,御食股份有限公司,點心,"['台灣好農超值市集(民生店)', '台灣好農', 'MOMO']",,https://eatender.firdi.org.tw/product/detail?id=13263
味全品味典藏鮮奶酪,味全食品工業股份有限公司,點心,"['全聯', '頂好', '愛買', '大潤發', '家樂福']",,https://eatender.firdi.org.tw/product/detail?id=13261
澎湖箱網分切魚片快速料理組(青斑、鮸魚、赤鰭笛鯛),天和鮮物股份有限公司,RTC食材,,,https://eatender.firdi.org.tw/product/detail?id=10501
淳鮮-海鱸厚切魚片,瀚頂生物科技股份有限公司,RTC食材,,,https://eatender.firdi.org.tw/product/detail?id=9826
桂冠營養研究室椰香奇亞籽芋泥露,世達流通有限公司,點心,"['康健嚴選', 'SHOP．COM', '新光三越百貨超市', '誠品知味市集', '微風超市']",,https://eatender.firdi.org.tw/product/detail?id=13260
淳鮮-頂級蒲燒鰻魚,瀚頂生物科技股份有限公司,RTC食材,,,https://eatender.firdi.org.tw/product/detail?id=9797
澎湖箱網分切魚片快速料理組(龍虎斑、嘉鱲、銀紋笛鯛【紅槽】),天和鮮物股份有限公司,RTC食材,,,https://eatender.firdi.org.tw/product/detail?id=10502
活力生態鯛,允偉興業股份有限公司,主菜,,,https://eatender.firdi.org.tw/product/detail?id=10511
龍膽石斑魚排,安永生活事業股份有限公司,RTC食材,['ANYOFRESH線上購物'],,https://eatender.firdi.org.tw/product/detail?id=10490
台灣鯛魚切片,佳辰實業股份有限公司,RTC食材,,,https://eatender.firdi.org.tw/product/detail?id=10497
鱸好家去刺金目鱸魚切片清肉,好廚家企業社,RTC食材,['鱸好家官方網站'],,https://eatender.firdi.org.tw/product/detail?id=13273
耐心花鱸-去刺七星鱸魚切片,允偉興業股份有限公司,主菜,,,https://eatender.firdi.org.tw/product/detail?id=10507
台灣鯛魚片,佳辰實業股份有限公司,主菜,,,https://eatender.firdi.org.tw/product/detail?id=10494
金紅鯛菲力,飛洋水產有限公司,RTC食材,"['台灣好農', '挺農易', '無毒農']",,https://eatender.firdi.org.tw/product/detail?id=13271
產銷履歷午仔魚去刺清肉,飛洋水產有限公司,RTC食材,['悠活農村'],,https://eatender.firdi.org.tw/product/detail?id=13272
日全食飲品-芝麻米豆奶,格林全食物股份有限公司,飲品,"['元榆牧場', '誠品知味市集', '新光三越百貨超市', '陽明春天']",https://www.facebook.com/Green.TFL/,https://eatender.firdi.org.tw/product/detail?id=11649
谷溜谷溜鮮銀耳露,食科院國際股份有限公司,飲品,['谷溜谷溜官網'],https://www.guliuguliu.com.tw/,https://eatender.firdi.org.tw/product/detail?id=11663
紅藜黑美人茶,晁陽農產科技股份有限公司,飲品,['GM_FACELANDING'],,https://eatender.firdi.org.tw/product/detail?id=11674
仙草甘茶,員林食品有限公司,飲品,['PINKOI'],,https://eatender.firdi.org.tw/product/detail?id=11673
日全食飲品-黑豆豆奶,格林全食物股份有限公司,飲品,"['日光角落麵包店(民權店)、布里王子麵包店(北捷店、北車店)、一之軒麵包店(21家門市)、元榆牧場', '新光三越百貨超市(A11、A4、站前、南西、天母)']",https://www.facebook.com/Green.TFL/,https://eatender.firdi.org.tw/product/detail?id=11650
挺健康藜豆胜肽養生飲,晁陽農產科技股份有限公司,飲品,['GM_FACELANDING'],,https://eatender.firdi.org.tw/product/detail?id=11657
紅藜俏佳人茶,晁陽農產科技股份有限公司,飲品,['GM_FACELANDING'],,https://eatender.firdi.org.tw/product/detail?id=11675
自然補給紅藜黑木耳,貫金食品股份有限公司,飲品,,http://www.join-nature.com,https://eatender.firdi.org.tw/product/detail?id=11669
自然補給固本黑木耳,貫金食品股份有限公司,飲品,,join-nature.com,https://eatender.firdi.org.tw/product/detail?id=11672
有機黑三寶養生穀粉,統百食品股份有限公司,飲品,"['家樂福量販店', '統百食品-PCHOME商店街', '統百食品-樂天商城']",http://tongbae.com.tw,https://eatender.firdi.org.tw/product/detail?id=11654
自然補給香檬黑木耳,貫金食品股份有限公司,飲品,,join-nature.com,https://eatender.firdi.org.tw/product/detail?id=11671
自然補給蕎麥黑木耳,貫金食品股份有限公司,飲品,,join-nature.com,https://eatender.firdi.org.tw/product/detail?id=11670
臺灣有機100%純米菓條-紫米口味,統百食品股份有限公司,休閒食品,"['樂天商城', 'PChome商店街', 'FB粉專', '阿久師官網', '家樂福、寶雅、丁丁藥局']",https://www.master-jiu.com/,https://eatender.firdi.org.tw/product/detail?id=13777
就是夯!烘烤沙琪瑪-蛋黃口味,統百食品股份有限公司,休閒食品,"['樂天商城', 'PChome商店街', 'FB粉專', '阿久師官網']",https://www.master-jiu.com/,https://eatender.firdi.org.tw/product/detail?id=13774
津醬古早味肉燥麵,頤品食品有限公司,主食,['官方網站'],,https://eatender.firdi.org.tw/product/detail?id=13151
豐原名物-味噌拉麵(素),味榮食品工業股份有限公司,主食,['味榮柑仔店'],,https://eatender.firdi.org.tw/product/detail?id=13150
賣麵子鮮作純魚麵(鱸魚),魚之達人水產股份有限公司,主食,"['誠品', '大遠百', '香港CITYSUPER', '樂雅樂', '長榮', '官網']",,https://eatender.firdi.org.tw/product/detail?id=13149
台灣小麥麵線,三風食品工業股份有限公司,主食,['三風製麵官方商城'],,https://eatender.firdi.org.tw/product/detail?id=13148
紅藜蔬鴨粥,得意中華食品有限公司,主食,['台灣滷味博物館'],,https://eatender.firdi.org.tw/product/detail?id=13146
一粒米碗粿(菲力豚燕麥),板田實業有限公司,主食,"['農匠市集', '蝦皮商城-萬佳鄉/板田食品']",,https://eatender.firdi.org.tw/product/detail?id=13147
泰山珍穀益雪蓮子燕麥粥,泰山企業股份有限公司,主食,"['家樂福線上購物', 'Yahoo購物中心', 'PChome24hr購物', 'momo購物網', '泰山購物網']",,https://eatender.firdi.org.tw/product/detail?id=13145
泰山珍穀益南瓜藜麥粥,泰山企業股份有限公司,主食,"['家樂福線上購物', 'Yahoo購物中心', 'PChome24hr購物', 'momo購物網', '泰山購物網']",,https://eatender.firdi.org.tw/product/detail?id=13144
酪酪長麵~~酪梨麵,台東黃家蔬果農產行,主食,"['蝦皮', 'FB:https://www.facebook.com/%E5%8F%B0%E6%9D%B1%E9%', '台東縣農會，台東東河農會，台東池上農會，台東伴手禮店,台東那魯彎大酒店']",,https://eatender.firdi.org.tw/product/detail?id=13671
膳纖熟飯有機紅藜原米飯,南僑集團華強實業股份有限公司,主食,"['蝦皮', 'PCHOME', '樂天市場', '亞柏EZ購']",,https://eatender.firdi.org.tw/product/detail?id=13143
南僑讚岐紅藜麵,華強實業股份有限公司,主食,"['蝦皮商城', '家樂福、大潤發']",https://www.sanuki.com.tw/products_detail_67.htm?pg=1,https://eatender.firdi.org.tw/product/detail?id=13680
鮮廚-南瓜雞蓉粥,欣欣生技食品股份有限公司,主食,"['i郵政(郵政商城)', '露天拍賣', 'YAHOO!奇摩', 'PCHOME商店街', '欣欣生技食品官方網站', '欣欣展售中心-實體店面販售/地址同公司資訊(雲林縣斗六市保長路60號)', '目前尚無(有做洽談機會與準備)', '目前尚無(有做洽談機會與準備)', '目前尚無(有做洽談機會與準備)', '目前尚無(有做洽談機會與準備)', '目前尚無(有做洽談機會與準備)']",https://www.hsinfood.com.tw,https://eatender.firdi.org.tw/product/detail?id=13678
雪比TC世界金牌巧克力拿鐵,隆昌食品有限公司,乳品,['聖德科斯https://www.santacruz.com.tw/products/11'],https://www.ceabys.com.tw/products/Milk%20drink/1,https://eatender.firdi.org.tw/product/detail?id=13707
台灣芋頭牛乳,光泉牧場股份有限公司,乳品,"['全聯、美廉社', '愛買、大潤發、家樂福']",,https://eatender.firdi.org.tw/product/detail?id=13718
頂級鮮奶優酪,光泉牧場股份有限公司,乳品,"['全聯、美廉社', '愛買、大潤發、家樂福']",,https://eatender.firdi.org.tw/product/detail?id=13717
義美全脂鮮乳,義美食品股份有限公司,乳品,"['全聯、楓康超市、地方型超市', '大潤發、家樂福、愛買', '義美門市']",,https://eatender.firdi.org.tw/product/detail?id=13734
帝雞精(土雞),凱馨實業股份有限公司,其他,['聖德科斯'],http://shop.gugugoo.com/,https://eatender.firdi.org.tw/product/detail?id=11727
雪比半熟乳酪(藍莓),隆昌食品有限公司,乳品,['聖德科斯https://www.santacruz.com.tw/products/11'],https://www.ceabys.com.tw/products/cheese/1,https://eatender.firdi.org.tw/product/detail?id=13756
陽光康喜鳳梨酵素+膠原胜肽(顆粒),陽光康喜股份有限公司,其他,"['博客來', 'MOMO購物網']",www.suntivas.com,https://eatender.firdi.org.tw/product/detail?id=11740
諾亞牧場烏寶滴雞精,諾亞牧場股份有限公司,其他,"['真享購', 'udn', '東森購物', 'momo', 'friDay購物']",www.noahranch.com.tw,https://eatender.firdi.org.tw/product/detail?id=11728
諾亞牧場天養滴雞精,諾亞牧場股份有限公司,其他,"['friDay', '真享購', 'udn', '東森購物', 'momo']",www.noahranch.com.tw,https://eatender.firdi.org.tw/product/detail?id=11729
陽光康喜鳳梨酵素(顆粒),陽光康喜股份有限公司,其他,"['博客來', 'MOMO購物網']",www.suntivas.com,https://eatender.firdi.org.tw/product/detail?id=11739
諾亞牧場四時滴雞精,諾亞牧場股份有限公司,其他,"['friDay購物', '真享購', 'udn', '東森購物', 'momo']",www.noahranch.com.tw,https://eatender.firdi.org.tw/product/detail?id=11730
諾亞牧場神牧牛鮮滴牛精,諾亞牧場股份有限公司,其他,"['真享購', 'udn', 'friDay', '東森購物', 'momo']",www.noahranch.com.tw,https://eatender.firdi.org.tw/product/detail?id=11731
細化黃豆泥,格林全食物股份有限公司,其他,['業務包裝販售，請撥打(02)25119447，將由專人服務'],,https://eatender.firdi.org.tw/product/detail?id=13282
淬魚精,聯瑞食品科技股份有限公司,其他,"['pchome', '官網']",https://www.topseafood.com.tw/,https://eatender.firdi.org.tw/product/detail?id=11732
鮮選我-塩麴,臺鹽實業股份有限公司,其他,,,https://eatender.firdi.org.tw/product/detail?id=9810
細化紫心甘薯,格林全食物股份有限公司,其他,['業務包裝販售，請撥打(02)25119447，將由專人服務'],,https://eatender.firdi.org.tw/product/detail?id=13283
鱻魚露,漢典有限公司,湯品,,,https://eatender.firdi.org.tw/product/detail?id=9406
褐藻鱸魚蕃茄蔬菜湯,中華海洋生技股份有限公司,湯品,['聖德科斯'],https://eshop.hiqbio.com/product?pid_for_show=3685&category_sn=906,https://eatender.firdi.org.tw/product/detail?id=13685
失戀回魂湯(香蕉排骨湯),得意中華食品有限公司,湯品,"['東森電視購物', '寶雅', '誠品書店', 'Jason']",,https://eatender.firdi.org.tw/product/detail?id=13188
菌沛無油鱸魚丸,峰漁股份有限公司,主菜,,,https://eatender.firdi.org.tw/product/detail?id=10493
廣達香麻油雙菇,廣達香食品股份有限公司,湯品,['全聯福利中心'],https://www.kthfoods.com/canned-food-2?product_id=175,https://eatender.firdi.org.tw/product/detail?id=13745
金色三麥南瓜濃湯,金色三麥餐飲股份有限公司,湯品,"['三麥廚房360º嚴選', '金色三麥全省餐廳實體門市餐點']",,https://eatender.firdi.org.tw/product/detail?id=13710
海藻豬獅子頭,天和鮮物股份有限公司,主菜,,,https://eatender.firdi.org.tw/product/detail?id=10500
青葉嚕肉飯料,青葉食品工業股份有限公司,主菜,"['全聯', '一般超市']",,https://eatender.firdi.org.tw/product/detail?id=10508
新創植享-義大利番茄肉醬(植物蛋白製品),欣光食品股份有限公司,主菜,['momo'],,https://eatender.firdi.org.tw/product/detail?id=13168
鯖魚一夜干,得意中華食品有限公司,主菜,,,https://eatender.firdi.org.tw/product/detail?id=10506
新創植享-打拋肉(植物蛋白製品),欣光食品股份有限公司,主菜,['momo'],,https://eatender.firdi.org.tw/product/detail?id=13167
新創植享麻婆豆腐醬,欣光食品股份有限公司,主菜,['momo'],,https://eatender.firdi.org.tw/product/detail?id=13166
馬偕x優加-軟心肉排餐(奶香鮭魚),聯夏食品工業股份有限公司,主菜,['聯夏官方網站'],,https://eatender.firdi.org.tw/product/detail?id=13165
安永古早味滷虱目魚肚,安永生活事業股份有限公司,主菜,"['安永鮮物電子商務網站', '安永鮮物門市']",,https://eatender.firdi.org.tw/product/detail?id=13164
蒲燒虱目魚肚,鮮湧企業股份有限公司,主菜,['鮮湧官網'],,https://eatender.firdi.org.tw/product/detail?id=13163
鱸好家薑絲鹽焗舒肥鱸魚,好廚家企業社,主菜,['鱸好家官方網站'],,https://eatender.firdi.org.tw/product/detail?id=13161
百菇雜炊,得意中華食品有限公司,配菜,"['台灣滷味博物館', '誠品書局', '麵家二眷', '新加坡百美超市', 'Jason']",,https://eatender.firdi.org.tw/product/detail?id=13184
新東陽味噌鯖魚,新東陽股份有限公司大園廠,主菜,"['東森購物網', 'pc-home電商平台', 'momo購物', '奇摩購物中心', '新東陽專賣店（門市與專櫃）/新東陽線上購物網']",,https://eatender.firdi.org.tw/product/detail?id=13162
新東陽麻婆豆腐,新東陽股份有限公司大園廠,配菜,"['蝦皮商城', 'pc-home電商平台', 'momo購物', '新東陽線上購物網', '新東陽專賣店（門市與專櫃）&全聯&7-11&萊爾富&美廉社&大潤發&愛買']",,https://eatender.firdi.org.tw/product/detail?id=13182
雙菇燴四喜,得意中華食品有限公司,配菜,"['誠品', '新加坡百美超市', 'Jason', '台灣滷味博物館', '麵家二眷']",,https://eatender.firdi.org.tw/product/detail?id=13183
紅藜魚肉燥,得意中華食品有限公司,配菜,"['東森電視', '民視']",,https://eatender.firdi.org.tw/product/detail?id=13180
綠野農莊懷舊雞肉燥,超秦企業股份有限公司,配菜,['綠野農莊體驗館'],,https://eatender.firdi.org.tw/product/detail?id=13179
帆船牌家傳系列蝦米肉燥,帆船食品廠,配菜,"['蝦皮', 'PChome', '度小月官網']",,https://eatender.firdi.org.tw/product/detail?id=13178
翡翠羹獅子頭,台灣農畜產工業股份有限公司農科分公司,配菜,['台畜官網'],,https://eatender.firdi.org.tw/product/detail?id=13181
帆船牌家傳系列香菇肉燥,帆船食品廠,配菜,"['蝦皮', 'PChome', '度小月官網']",,https://eatender.firdi.org.tw/product/detail?id=13177
喜琵鷥純旗魚鬆,駱駝鈴生機股份有限公司,配菜,['健康食彩有機店'],,https://eatender.firdi.org.tw/product/detail?id=13173
龍虎斑魚排,中華海洋生技股份有限公司,RTC食材,"['公司官網', '東森購物']",,https://eatender.firdi.org.tw/product/detail?id=13270
帆船牌家傳系列辣味肉燥,帆船食品廠,配菜,"['蝦皮', 'PChome', '度小月官網']",,https://eatender.firdi.org.tw/product/detail?id=13176
純鱸魚鬆,安永生活事業股份有限公司,配菜,"['安永鮮物電子商務網站', '安永鮮物門市']",,https://eatender.firdi.org.tw/product/detail?id=13174
喜琵鷥活力潔淨蛋,駱駝鈴生機股份有限公司,RTC食材,['健康食彩有機店'],,https://eatender.firdi.org.tw/product/detail?id=13269
帆船牌家傳系列原味肉燥,帆船食品廠,配菜,"['蝦皮', 'PChome', '度小月官網']",,https://eatender.firdi.org.tw/product/detail?id=13175
超秦肉品鹽麴去骨雞腿排,超秦企業股份有限公司,RTC食材,['綠野農莊體驗館'],,https://eatender.firdi.org.tw/product/detail?id=13703
喜琵鷥健康豬前腿肉絲,駱駝鈴生機股份有限公司,RTC食材,['健康食彩有機店'],https://www.jian-mart.com/shop_view.aspx?Mall=CMD0000&PID=PDD2494,https://eatender.firdi.org.tw/product/detail?id=13739
綠野農莊腿排肉切片,超秦企業股份有限公司,RTC食材,['全聯'],,https://eatender.firdi.org.tw/product/detail?id=13267
綠野農莊Juicy嫩胸,超秦企業股份有限公司,RTC食材,['綠野農莊體驗館(桃園市永安路1061號)'],,https://eatender.firdi.org.tw/product/detail?id=13268
喜琵鷥宜蘭鱘龍魚菲力,駱駝鈴生機股份有限公司,RTC食材,['健康食彩有機店'],https://www.jian-mart.com/shop_view.aspx?Mall=CMD0000&PID=PDD2455,https://eatender.firdi.org.tw/product/detail?id=13702
超秦肉品鹽麴香草去骨雞腿排,超秦企業股份有限公司,RTC食材,['綠野農莊體驗館'],,https://eatender.firdi.org.tw/product/detail?id=13731
喜琵鷥台灣帶皮鯛魚涮涮片,駱駝鈴生機股份有限公司,RTC食材,['健康食彩有機店'],https://www.jian-mart.com/shop_view.aspx?Mall=CMD0000&PID=PDD0691,https://eatender.firdi.org.tw/product/detail?id=13740
台灣黃金蕎麥米禮盒,台灣黃金蕎麥有限公司,主食,"['環球購物中心-心左營車站Online', '無', '無', '無', '無', '無', '無']",http://www.tgbw.com.tw/,https://eatender.firdi.org.tw/product/detail?id=13694
喜琵鷥清胸肉,駱駝鈴生機股份有限公司,RTC食材,['健康食彩有機店'],https://www.jian-mart.com/shop_view.aspx?Mall=CMD0000&PID=PDD2493,https://eatender.firdi.org.tw/product/detail?id=13754
猴頭菇海鮮粥,鮮湧企業股份有限公司,主食,,https://www.shianyong.com.tw/products/%E7%8C%B4%E9%A0%AD%E8%8F%87%E6%B5%B7%E9%AE%AE%E7%B2%A5300g,https://eatender.firdi.org.tw/product/detail?id=13683
歐特有機十穀麥片,正原有機國際有限公司,主食,"['蝦皮Shopee', '家樂福網路商城', 'PChome線上購物', '家樂福Carrefour']",https://www.otershop.com.tw/otershop/index.php?action=product_detail&prod_no=P0107200120362,https://eatender.firdi.org.tw/product/detail?id=13709
微藻植物肉粽(純素),新東陽股份有限公司,主食,['新東陽食品館&新東陽直營國道暨機場門市'],,https://eatender.firdi.org.tw/product/detail?id=13755
麻油薑泥杏鮑菇蘿蔔糕,板田實業有限公司,主食,['萬佳鄉早午餐全國咖啡連鎖'],,https://eatender.firdi.org.tw/product/detail?id=13757
味王鮭魚藜麥粥,味王股份有限公司,主食,['大潤發/家樂福/愛買'],,https://eatender.firdi.org.tw/product/detail?id=13791
味王雞蓉藜麥粥,味王股份有限公司,主食,['大潤發/家樂福/愛買'],,https://eatender.firdi.org.tw/product/detail?id=13790
鮑魚干貝雞蓉粥,得意中華食品有限公司,主食,['台灣滷味博物館、餐廳業務用'],,https://eatender.firdi.org.tw/product/detail?id=13782
鮮廚-鮮蔬芋頭粥,欣欣生技食品股份有限公司,主食,"['i郵政(郵政商城)', '露天拍賣', 'YAHOO!奇摩', 'PCHOME商店街', '欣欣生技食品官方網站', '欣欣展售中心-實體店面販售/地址同公司資訊(雲林縣斗六市保長路60號)', '目前尚無(有做洽談機會與準備)', '目前尚無(有做洽談機會與準備)', '目前尚無(有做洽談機會與準備)', '目前尚無(有做洽談機會與準備)', '目前尚無(有做洽談機會與準備)']",https://www.hsinfood.com.tw,https://eatender.firdi.org.tw/product/detail?id=13785
安永-素食蘿蔔糕,安永生活事業股份有限公司,主食,['安永鮮物、Citysuper'],https://www.anyongfresh.com/Product/11829?gclid=CjwKCAjwuYWSBhByEiwAKd_n_i0GO6sGqJs0l9C8w-VMMTVyObJr,https://eatender.firdi.org.tw/product/detail?id=13793
安永-南瓜糕,安永生活事業股份有限公司,主食,['安永鮮物、Citysuper'],https://www.anyongfresh.com/Product/11831?gclid=CjwKCAjwuYWSBhByEiwAKd_n_qqVpsxuWsf5d4wLG03M4rJexvWp,https://eatender.firdi.org.tw/product/detail?id=13794
安永-素食芋頭糕,安永生活事業股份有限公司,主食,['安永鮮物、Citysuper'],https://www.anyongfresh.com/Product/11421,https://eatender.firdi.org.tw/product/detail?id=13799
味王芋頭甜湯,味王股份有限公司,點心,"['蝦皮商城', 'PChome24h購物', '寶家POYAHOME', '愛買', '家樂福']",,https://eatender.firdi.org.tw/product/detail?id=13258
特濃黃金薯核桃露,漢典有限公司,點心,"['樂食刻', '中化銀髮好物嚴選']",,https://eatender.firdi.org.tw/product/detail?id=13259
博客Q肉丁原味德國香腸,統一企業股份有限公司,點心,['7-11、OK、萊爾富'],,https://eatender.firdi.org.tw/product/detail?id=13256
吃光光-香辣蛋白丁,聯夏食品工業股份有限公司,點心,['聯夏官方網站'],,https://eatender.firdi.org.tw/product/detail?id=13255
瑞穗鮮乳土司,統一企業股份有限公司,點心,"['家樂福', 'OK', '7-11']",,https://eatender.firdi.org.tw/product/detail?id=13257
五福桂圓紫米糕,漢典有限公司,點心,"['樂食刻', '中化銀髮好物嚴選']",,https://eatender.firdi.org.tw/product/detail?id=13254
照料理苷醇藻鱸燉飲,奇力愛股份有限公司,點心,['苷醇燉飲線上賣場'],,https://eatender.firdi.org.tw/product/detail?id=13251
照料理苷醇牛犇燉飲(泥狀),奇力愛股份有限公司,點心,['苷醇燉飲線上賣場'],,https://eatender.firdi.org.tw/product/detail?id=13253
照料理苷醇藻鱸燉飲(泥狀),奇力愛股份有限公司,點心,['苷醇燉飲線上賣場'],,https://eatender.firdi.org.tw/product/detail?id=13252
照料理苷醇雙雞燉飲,奇力愛股份有限公司,點心,['苷醇燉飲線上賣場'],,https://eatender.firdi.org.tw/product/detail?id=13249
照料理苷醇雙雞燉飲(泥狀),奇力愛股份有限公司,點心,['苷醇燉飲線上賣場'],,https://eatender.firdi.org.tw/product/detail?id=13250
享食尚滴雞精,英屬開曼群島商聯利科技股份有限公司台灣分公司,其他,['Momo購物網'],,https://eatender.firdi.org.tw/product/detail?id=13285
享食尚滴雞精,英屬開曼群島商聯利科技股份有限公司台灣分公司,其他,['Momo購物網'],,https://eatender.firdi.org.tw/product/detail?id=13286
黑五士養生飲,鮮湧企業股份有限公司,點心,['鮮湧官網'],,https://eatender.firdi.org.tw/product/detail?id=13248
享食尚滴雞精,英屬開曼群島商聯利科技股份有限公司台灣分公司,其他,['Momo購物網'],,https://eatender.firdi.org.tw/product/detail?id=13284
享食尚滴雞精,英屬開曼群島商聯利科技股份有限公司台灣分公司,其他,['Momo購物網'],,https://eatender.firdi.org.tw/product/detail?id=13288
享食尚滴雞精,英屬開曼群島商聯利科技股份有限公司台灣分公司,其他,['Momo購物網'],,https://eatender.firdi.org.tw/product/detail?id=13291
享食尚滴雞精,英屬開曼群島商聯利科技股份有限公司台灣分公司,其他,['Momo購物網'],,https://eatender.firdi.org.tw/product/detail?id=13287
享食尚滴雞精,英屬開曼群島商聯利科技股份有限公司台灣分公司,其他,['Momo購物網'],,https://eatender.firdi.org.tw/product/detail?id=13292
享食尚滴雞精,英屬開曼群島商聯利科技股份有限公司台灣分公司,其他,['Momo購物網'],,https://eatender.firdi.org.tw/product/detail?id=13290
享食尚滴雞精,英屬開曼群島商聯利科技股份有限公司台灣分公司,其他,['Momo購物網'],,https://eatender.firdi.org.tw/product/detail?id=13289
新東陽滴雞金,新東陽股份有限公司大園廠,其他,['新東陽專賣店（門市與專櫃)'],,https://eatender.firdi.org.tw/product/detail?id=13293
綠色未來精力湯—明日葉配方(粉末),統健實業股份有限公司,飲品,,http://www.pnic.com.tw/,https://eatender.firdi.org.tw/product/detail?id=11655
阿里山素燕窩,萬生生機股份有限公司,飲品,"['健康食彩', '楓康超市', '全聯福利中心']",https://wanshengreen.com/,https://eatender.firdi.org.tw/product/detail?id=11668
新東陽滴雞金,新東陽股份有限公司大園廠,其他,['新東陽專賣店（門市與專櫃)'],,https://eatender.firdi.org.tw/product/detail?id=13294
新東陽滴雞金,新東陽股份有限公司大園廠,其他,['新東陽專賣店（門市與專櫃)'],,https://eatender.firdi.org.tw/product/detail?id=13295
阿里山有機無糖銀耳燉,萬生生機股份有限公司,飲品,"[""City'Super"", '楓康超市', '正光藥局']",https://wanshengreen.com/,https://eatender.firdi.org.tw/product/detail?id=11667
植品良食牛蒡根燉耳,綠品鑫田有限公司,飲品,,http://www.naturalland.com.tw/product.html,https://eatender.firdi.org.tw/product/detail?id=11664
Cepis32綜合珍穀粉(無加糖),駱駝鈴生機股份有限公司,飲品,,,https://eatender.firdi.org.tw/product/detail?id=11656
顏帝亞銀耳露,駱駝鈴生機股份有限公司,飲品,['健康食彩天然有機健康專賣'],,https://eatender.firdi.org.tw/product/detail?id=11666
歐典生機銀耳花釀,歐典生物科技股份有限公司,飲品,['全家、7-11、OK'],http://www.ou-dean.com.tw/odean/,https://eatender.firdi.org.tw/product/detail?id=11665
瑞穗極制低溫殺菌鮮乳,統一企業股份有限公司,飲品,"['家樂福、愛買、大潤發', '博客來', '全聯', '7-11', '聖德科斯', '康是美']",,https://eatender.firdi.org.tw/product/detail?id=9809
LP33機能優酪乳,統一企業公司,飲品,,,https://eatender.firdi.org.tw/product/detail?id=11268
Cepis有機營養黑寶黑米芝麻飲,駱駝鈴生機股份有限公司,飲品,['健康食彩天然有機健康專賣'],,https://eatender.firdi.org.tw/product/detail?id=10509
紫米燕麥糙米漿,光泉牧場股份有限公司,植物奶,,,https://eatender.firdi.org.tw/product/detail?id=9477
淳鮮-海牡丹纖活飲,瀚頂生物科技股份有限公司,飲品,,,https://eatender.firdi.org.tw/product/detail?id=9799
鱸好家泰式檸檬舒肥鱸魚,好廚家企業社,主菜,['鱸好家官方網站'],,https://eatender.firdi.org.tw/product/detail?id=13159
元進莊香燻鴨胸,元進莊企業股份有限公司,主菜,"['全聯', 'Costco好市多', '台中新光三越-中港店B2元進莊', '元進莊官網']",,https://eatender.firdi.org.tw/product/detail?id=13157
鱸好家越式酸辣舒肥鱸魚,好廚家企業社,主菜,['鱸好家官方網站'],,https://eatender.firdi.org.tw/product/detail?id=13160
鱸好家破布子舒肥鱸魚,好廚家企業社,主菜,['鱸好家官方網站'],,https://eatender.firdi.org.tw/product/detail?id=13158
元進莊紹興醉雞腿,元進莊企業股份有限公司,主菜,"['台中新光三越-中港店B2元進莊', 'Costco好市多', '果腹市集(香港)']",,https://eatender.firdi.org.tw/product/detail?id=13155
味王蔥燒芋頭雞肉,味王股份有限公司,主菜,"['蝦皮商城', 'PChome24h購物', '全聯福利中心']",,https://eatender.firdi.org.tw/product/detail?id=13156
馬偕x優加-軟心肉排餐(糖醋豬),聯夏食品工業股份有限公司,主菜,['聯夏官方網站'],,https://eatender.firdi.org.tw/product/detail?id=13153
熟化古早味滷排,鮮湧企業股份有限公司,主菜,['鮮湧官網'],,https://eatender.firdi.org.tw/product/detail?id=13152
檸檬湖鹽舒肥雞胸肉,碁富食品股份有限公司,主菜,"['蝦皮商城', 'MOMO購物網', '愛合購']",https://www.kklife.com.tw/product_detail.php?id=485,https://eatender.firdi.org.tw/product/detail?id=13673
元進莊蔥香油雞腿(去骨),元進莊企業股份有限公司,主菜,"['果腹市集(香港)', 'Costco好市多', '台中新光三越-中港店B2元進莊']",,https://eatender.firdi.org.tw/product/detail?id=13154
馬偕x優加_軟心肉排餐系列產品(蔥油雞),聯夏食品工業股份有限公司,主菜,['樂齡網'],https://shop.utcfoods.com.tw/SalePage/Index/7457280,https://eatender.firdi.org.tw/product/detail?id=13679
歐典生機養生黑木耳,歐典生物科技股份有限公司,飲品,"['OK便利商店', '全家', '萊爾富', 'PChome', '7-11', '全聯', 'momo', '家樂福', '東森購物']",,https://eatender.firdi.org.tw/product/detail?id=10496
順天本草福圓棗茶,順天本草股份有限公司,飲品,"['東森購物', 'YAHOO超級商城', 'PCHOME線上購物', 'MOMO購物網']",,https://eatender.firdi.org.tw/product/detail?id=13237
超秦肉品就是嫩雞(經典原味),超秦企業股份有限公司,主菜,['綠野農莊體驗館'],,https://eatender.firdi.org.tw/product/detail?id=13682
林鳳營簡單點優酪乳無加糖,味全食品工業股份有限公司,飲品,,,https://eatender.firdi.org.tw/product/detail?id=10491
有機山苦瓜茶包,淺草堂,飲品,"['蝦皮商城', '淺草堂']",,https://eatender.firdi.org.tw/product/detail?id=13236
銀耳膳,捌木兒股份有限公司,飲品,"['8more-婦幼展攤位', '8more-各商場臨時櫃位', '8more-瀚克寶寶全台經銷通路', '8more校前門市', '8more八德門市', '8more官網', '8more-芽米寶貝全台經銷通路']",,https://eatender.firdi.org.tw/product/detail?id=13235
飲氧品,城繐股份有限公司,飲品,"['美人語官方商城', '東森購物', 'udn買東西', 'momo購物']",,https://eatender.firdi.org.tw/product/detail?id=13234
黑寶食,城繐股份有限公司,飲品,"['東森購物', '美人語官方商城']",,https://eatender.firdi.org.tw/product/detail?id=13232
紅寶食,城繐股份有限公司,飲品,"['東森購物', '美人語官方商城']",,https://eatender.firdi.org.tw/product/detail?id=13233
呷七碗生技亞麻黃金鹹豆奶,嘉義食品工業股份有限公司,飲品,"['維康藥局', '呷七碗官網', '聖德科斯', '大樹藥局', '雅虎yahoo商城']",,https://eatender.firdi.org.tw/product/detail?id=13230
呷七碗生技南瓜養生沖調,嘉義食品工業股份有限公司,飲品,"['維康藥局', '呷七碗官網', '聖德科斯', 'momo購物', '大樹藥局']",,https://eatender.firdi.org.tw/product/detail?id=13231
新東陽長纖黑豬純肉鬆,新東陽股份有限公司大園廠,配菜,['新東陽專賣店（門市與專櫃）'],,https://eatender.firdi.org.tw/product/detail?id=13172
呷七碗生技黑穀滋補沖調,嘉義食品工業股份有限公司,飲品,"['大樹藥局', '維康藥局', '呷七碗官網', '聖德科斯']",,https://eatender.firdi.org.tw/product/detail?id=13229
廣達香無糖肉鬆(不加鹽),廣達香食品股份有限公司,配菜,"['廣達香官方網站', 'YAHOO超級商城', 'PCHOME商店街', '松果購物']",,https://eatender.firdi.org.tw/product/detail?id=13170
呷七碗生技有機彩虹藜麥十二珍穀飲,嘉義食品工業股份有限公司,飲品,"['聖德科斯', 'momo', '大樹藥局', '維康藥局', '呷七碗官網']",,https://eatender.firdi.org.tw/product/detail?id=13228
新東陽履歷豬肉鬆,新東陽股份有限公司大園廠,配菜,"['蝦皮官方平台', 'yahoo電商平台', 'momo電商平台', 'pc-home電商平台', '新東陽專賣店（門市與專櫃）']",,https://eatender.firdi.org.tw/product/detail?id=13171
喜琵鷥寶寶細肉鬆(原味),駱駝鈴生機股份有限公司,配菜,['健康食彩有機店'],,https://eatender.firdi.org.tw/product/detail?id=13169
晨露寶寶肉鬆,元進莊企業股份有限公司,配菜,['台中新光三越-中港店B2元進莊'],https://reurl.cc/rQMK9r,https://eatender.firdi.org.tw/product/detail?id=13696
義美純豬肉鬆,義美食品股份有限公司,配菜,['義美門市'],www.imeifoods.com,https://eatender.firdi.org.tw/product/detail?id=13723
義大利麵肉醬(原味),新東陽股份有限公司,配菜,['國軍副供站/新東陽特販課(業務需求窗口)'],,https://eatender.firdi.org.tw/product/detail?id=13738
可果美義大利麵醬-蕃茄肉醬,臺灣可果美股份有限公司,配菜,"['momo', 'pchome', '可果美健康宅配網', '美廉社/楓康/地區超市', '家樂福/大潤發/愛買']",https://www.kagome.com.tw/tw,https://eatender.firdi.org.tw/product/detail?id=13716
元采珍饌土雞肉鬆,元進莊企業股份有限公司,配菜,"['蝦皮', '台中新光三越-中港店B2元進莊']",https://www.yjcfood.com/categories/yjc-chicken-floss,https://eatender.firdi.org.tw/product/detail?id=13706
義美雞蛋豆腐,義美食品股份有限公司,配菜,"['楓康超市、地方型超市', '大潤發、家樂福、愛買', '義美門市']",,https://eatender.firdi.org.tw/product/detail?id=13732
百仕可介護豬肉洋芋煮,端強實業股份有限公司,配菜,"['PChome24H購物', 'MOMO購物網']",https://www.boscogen.com.tw/pages/food-care,https://eatender.firdi.org.tw/product/detail?id=13742
虱目魚蘿蔔糕,板田實業有限公司,主食,['萬佳鄉早午餐全國咖啡連鎖'],,https://eatender.firdi.org.tw/product/detail?id=13808
猴頭菇四神粥,鮮湧企業股份有限公司,主食,,https://www.shianyong.com.tw/products/%E7%8C%B4%E9%A0%AD%E8%8F%87%E5%9B%9B%E7%A5%9E%E7%B2%A5300g,https://eatender.firdi.org.tw/product/detail?id=13809
純雞肉鬆（棕櫚油）,新東陽股份有限公司,配菜,['復興空廚／新東陽特販課(業務客戶平台)'],,https://eatender.firdi.org.tw/product/detail?id=13743
日幸一日營養粥(蒜香蛤蜊IDDSI3),誠安和生技有限公司,主食,,https://rihshin.com/product/一日營養-粥品/,https://eatender.firdi.org.tw/product/detail?id=13806
猴頭菇地瓜桂圓粥,鮮湧企業股份有限公司,主食,,https://www.shianyong.com.tw/products/%E7%8C%B4%E9%A0%AD%E8%8F%87%E5%9C%B0%E7%93%9C%E6%A1%82%E5%9C%9,https://eatender.firdi.org.tw/product/detail?id=13812
日幸一日營養粥(蒜香蛤蜊IDDSI5),誠安和生技有限公司,主食,,https://rihshin.com/product/一日營養-粥品/,https://eatender.firdi.org.tw/product/detail?id=13815
日幸一日營養粥(砂鍋魚頭IDDSI3),誠安和生技有限公司,主食,,https://rihshin.com/product/一日營養-粥品/,https://eatender.firdi.org.tw/product/detail?id=13816
日幸一日營養粥(砂鍋魚頭IDDSI5),誠安和生技有限公司,主食,,https://rihshin.com/product/一日營養-粥品/,https://eatender.firdi.org.tw/product/detail?id=13817
源順真粥道風味素肉粥,源順食品有限公司,主食,"['蝦皮購物', '東森購物', '光南批發商場、新東陽']",https://reurl.cc/12y8ap,https://eatender.firdi.org.tw/product/detail?id=13824
安永滴雞精,安永生活事業股份有限公司,其他,"['安永鮮物電子商務網站', '安永鮮物門市']",,https://eatender.firdi.org.tw/product/detail?id=13296
綠野農莊極鮮滴雞精,超秦企業股份有限公司,其他,"['蝦皮購物', 'MOMO購物']",,https://eatender.firdi.org.tw/product/detail?id=13297
草本誠食丹參滴雞精,威芯企業社,其他,"['大葉高島屋b1超市', '奧丁丁', 'superbuy']",,https://eatender.firdi.org.tw/product/detail?id=13298
Hi-Q褐藻醣膠鱸魚精,中華海洋生技股份有限公司,其他,"['杏一連鎖藥局', '丁丁連鎖藥局', '佑全連鎖藥局', 'Hi-Q商城', '大樹連鎖藥局']",,https://eatender.firdi.org.tw/product/detail?id=13302
御牧牛常溫牛肉精,鈜景食品企業股份有限公司,其他,"['御牛殿麵鍋食堂台北新光三越店', '鈜景國產肉品專賣店嘉義縣府店', '鈜景國產肉品專賣店台北東門店']",,https://eatender.firdi.org.tw/product/detail?id=13301
好濃放山土雞滴雞精,御食股份有限公司,其他,"['台灣好農超值市集(民生店)', '台灣好農']",,https://eatender.firdi.org.tw/product/detail?id=13299
邱家兄弟生態鱸魚精,邱家兄弟企業社,其他,"['主婦聯盟', '鱻魚購', '鮮拾Pick-Up']",,https://eatender.firdi.org.tw/product/detail?id=13303
Fun心鮮蝦-虱目魚滴魚精,宏洋冷凍水產有限公司,其他,"['樂天', '麻豆農會生鮮超市', '蝦皮', '回到餐桌', '三魚直賣所', 'fun心鮮蝦']",,https://eatender.firdi.org.tw/product/detail?id=13304
御牧牛滴牛肉精,鈜景食品企業股份有限公司,其他,"['御牛殿麵鍋食堂台北新光三越店', '鈜景國產肉品專賣店嘉義縣府店', '鈜景國產肉品專賣店台北東門店']",,https://eatender.firdi.org.tw/product/detail?id=13300
蓁愛滴虱目魚精,蓁愛養生食品有限公司,其他,,https://www.942.tw/products/%E9%81%B5%E5%BE%AA%E5%8F%A4%E6%B3%95%E9%99%B6%E7%94%95%EF%BC%8D%E8%93%81,https://eatender.firdi.org.tw/product/detail?id=13670
勝蒜在握黑蒜精,詠統生物科技股份有限公司,其他,"['udnshopping', 'momo購物網', 'GOODS好東西', '遠傳friday購物', 'PINKOI']",,https://eatender.firdi.org.tw/product/detail?id=13305
蓁愛滴牛肉精,蓁愛養生食品有限公司,其他,,https://www.942.tw/products/%E9%81%B5%E5%BE%AA%E5%8F%A4%E6%B3%95%E9%99%B6%E7%94%95%EF%BC%8D%E8%93%81,https://eatender.firdi.org.tw/product/detail?id=13672
紅椒舒肥雞胸,立高生機股份有限公司,主菜,"['門市(台北通化門市)；專櫃(中和環球B2店、台大醫院附設西址商場、台中第六市場)', '聖德科斯']",https://www.uneedchicken.com/,https://eatender.firdi.org.tw/product/detail?id=13692
蔗香煙燻舒肥雞胸,立高生機股份有限公司,主菜,"['門市(台北通化門市)；專櫃(中和環球B2店、台大醫院附設西址商場、台中第六市場)', '聖德科斯']",https://www.uneedchicken.com/,https://eatender.firdi.org.tw/product/detail?id=13691
喫雞桃木燻雞胸,元進莊企業股份有限公司,主菜,"['蝦皮', '台中新光三越-中港店B2元進莊', '全家便利商店']",https://www.yjcfood.com/,https://eatender.firdi.org.tw/product/detail?id=13700
黑胡椒湖鹽舒肥雞胸肉,碁富食品股份有限公司,主菜,"['蝦皮商城', 'MOMO購物網', '愛合購']",https://www.kklife.com.tw/product_detail.php?id=486,https://eatender.firdi.org.tw/product/detail?id=13726
紹興雞肉捲,元進莊企業股份有限公司,主菜,"['蝦皮', '台中新光三越-中港店B2元進莊']",https://www.yjcfood.com/products/%E7%B4%B9%E8%88%88%E9%9B%9E%E8%82%89%E6%8D%B2,https://eatender.firdi.org.tw/product/detail?id=13701
迷迭香舒肥雞胸肉,碁富食品股份有限公司,主菜,"['蝦皮商城', 'MOMO購物網', '愛合購']",https://www.kklife.com.tw/product_detail.php?id=484,https://eatender.firdi.org.tw/product/detail?id=13727
超秦肉品就是嫩雞(嚴選黑胡椒),超秦企業股份有限公司,主菜,['綠野農莊體驗館'],,https://eatender.firdi.org.tw/product/detail?id=13729
馬偕x優加_軟心肉排餐系列產品(滷肉豬),聯夏食品工業股份有限公司,主菜,['樂齡網'],https://shop.utcfoods.com.tw/SalePage/Index/7457259,https://eatender.firdi.org.tw/product/detail?id=13759
產銷履歷龍虎班菲力一夜干,魚之達人水產股份有限公司,主菜,"['香港AEON超市', '全家好生凍.ok便利商店預購']",https://store.oceanesh.com/products/grouper-180g%C2%B110,https://eatender.firdi.org.tw/product/detail?id=13736
輕調味老饕鰻魚,屏榮實業股份有限公司,主菜,,https://www.pingroun.com.tw/ecommerce/%E3%80%90%E5%B1%8F%E6%A6%AE%E5%9D%8A%E3%80%91%E5%8D%8A%E8%92%B,https://eatender.firdi.org.tw/product/detail?id=13775
馬偕x優加_軟心肉排餐系列產品(三杯雞),聯夏食品工業股份有限公司,主菜,['樂齡網'],https://shop.utcfoods.com.tw/SalePage/Index/7457266,https://eatender.firdi.org.tw/product/detail?id=13761
頂級白燒鰻魚,屏榮實業股份有限公司,主菜,,https://www.pingroun.com.tw/ecommerce/%E3%80%90%E5%B1%8F%E6%A6%AE%E5%9D%8A%E3%80%91%E7%99%BD%E7%87%9,https://eatender.firdi.org.tw/product/detail?id=13776
紅藜麥雞豆腐粥,漢典有限公司,點心,"['樂食刻', '中化銀髮好物嚴選']",,https://eatender.firdi.org.tw/product/detail?id=13247
豚骨菲力糙米粥,台灣農畜產工業股份有限公司農科分公司,點心,['台畜官網'],,https://eatender.firdi.org.tw/product/detail?id=13245
養生豆漿粥,漢典有限公司,點心,"['樂食刻', '中化銀髮好物嚴選']",,https://eatender.firdi.org.tw/product/detail?id=13246
銀耳枸杞粥,頂裕食品股份有限公司,點心,['官網電商'],,https://eatender.firdi.org.tw/product/detail?id=13241
紅豆紅藜粥,頂裕食品股份有限公司,點心,['官網電商'],,https://eatender.firdi.org.tw/product/detail?id=13243
芝麻山藥粥,頂裕食品股份有限公司,點心,['官網電商'],,https://eatender.firdi.org.tw/product/detail?id=13244
綠豆薏仁粥,頂裕食品股份有限公司,點心,"['家樂福', 'OK', '7-11']",,https://eatender.firdi.org.tw/product/detail?id=13242
萊斯飯店-海帶芽糙米粥,瑞士達實業股份有限公司,點心,"['豆之味商城', '里仁超市']",,https://eatender.firdi.org.tw/product/detail?id=13240
廣達香拌飯魯肉醬,廣達香食品股份有限公司,配菜,"['MOMO購物網', 'Yahoo超級商城', '蝦皮', '美廉社', '家樂福、大潤發、愛買']",https://www.kthfoods.com/canned-food-2/,https://eatender.firdi.org.tw/product/detail?id=13744
甜菜根山藥粥,佳質食品研發有限公司,點心,"['PCHOME', '遠東都會CitySuper超市']",,https://eatender.firdi.org.tw/product/detail?id=13239
印度薑黃咖哩肉醬,世達流通股份有限公司,配菜,"['蝦皮購物', 'Momo購物', '柑仔店、健康食彩、無毒的家、心樸市集', 'Jasons、CitySuper、微風超市、誠品知味市集、新光三越超市']",https://www.laurel-nutrilab.com/products/%E5%8D%B0%E5%BA%A6%E8%96%91%E9%BB%83%E5%92%96%E5%93%A9%E8%8,https://eatender.firdi.org.tw/product/detail?id=13747
紅藜麥櫻花蝦粥,佳質食品研發有限公司,點心,"['PCHOME', '遠東都會CitySuper超市']",,https://eatender.firdi.org.tw/product/detail?id=13238
波隆那蕃茄肉醬,世達流通股份有限公司,配菜,"['蝦皮購物', 'Momo購物', '柑仔店、健康食彩、無毒的家、心樸市集', 'Jasons、CitySuper、微風超市、誠品知味市集、新光三越超市']",https://www.laurel-nutrilab.com/products/%E6%B3%A2%E9%9A%86%E9%82%A3%E8%95%83%E8%8C%84%E8%82%89%E9%8,https://eatender.firdi.org.tw/product/detail?id=13748
新東陽煙燻里肌火腿片,新東陽股份有限公司,配菜,['家樂福&大潤發&愛買'],,https://eatender.firdi.org.tw/product/detail?id=13753
植物香鬆-牛蒡,緒裕生技股份有限公司,配菜,['目前超市及門市皆以單罐方式銷售：SOGO超市、微風超市、Jasons超市、唯素主義、台畜門市'],https://www.nomeating.com/product_d.php?lang=tw&tb=1&id=63,https://eatender.firdi.org.tw/product/detail?id=13762
百仕可介護雞肉親子丼,端強實業股份有限公司,配菜,"['PChome24H購物', 'MOMO購物網']",https://www.boscogen.com.tw/pages/food-care,https://eatender.firdi.org.tw/product/detail?id=13758
津醬天津炸醬,頤品食品有限公司,配菜,"['Pinkoi', '蝦皮']",https://www.jinsauces.com/product_d.php?lang=tw&tb=1&id=56,https://eatender.firdi.org.tw/product/detail?id=13764
愛之味麻婆豆腐,愛之味股份有限公司,配菜,"['生活市集', 'momo購物網', '東森得易購', 'PChome24h購物', '全聯', '家樂福']",https://agvmall.agv.com.tw/product/details/209,https://eatender.firdi.org.tw/product/detail?id=13798
芙蓉白玉雞肉丸,鮮湧企業股份有限公司,配菜,,https://www.shianyong.com.tw/products/%E7%8F%8D%E5%A5%BD%E9%A3%9F%E8%8A%99%E8%93%89%E7%99%BD%E7%8E%8,https://eatender.firdi.org.tw/product/detail?id=13825
津醬古早味肉燥醬,頤品食品有限公司,配菜,"['Pinkoi', '蝦皮']",https://www.jinsauces.com/product_d.php?lang=tw&tb=1&id=76,https://eatender.firdi.org.tw/product/detail?id=13784
糧莘發芽紅藜熟粉,糧莘農場,飲品,"['糧莘官網', 'PChome商店街', '蝦皮賣場', 'PChome商店街']",,https://eatender.firdi.org.tw/product/detail?id=13226
Cepis有機營養黑寶黑米芝麻飲(無加糖),駱駝鈴生機股份有限公司,飲品,"['健康食彩有機店', '健康食彩線上購物']",,https://eatender.firdi.org.tw/product/detail?id=13227
璞韻四季青茶,統一企業股份有限公司,飲品,['7-11'],,https://eatender.firdi.org.tw/product/detail?id=13224
吉品保健青汁纖穀植物奶,吉品養生股份有限公司,飲品,"['誠品書店線上', 'momo', 'pchome', '東森購物', '可購樂']",,https://eatender.firdi.org.tw/product/detail?id=13225
天然果罐子冰糖地瓜雪耳,長松食品有限公司,飲品,['長松食品'],,https://eatender.firdi.org.tw/product/detail?id=13223
植品良食雪耳牛蒡根隨身飲,綠品鑫田有限公司,飲品,"['聖德科斯', 'PChome', '吳寶春麵包', '遠東百貨公司-各分公司異國食品館', '雅虎超級商城', 'momo', '健康優購網', '松果']",,https://eatender.firdi.org.tw/product/detail?id=13222
光茵樂活纖潤鮮銀耳,光茵生物科技股份有限公司,飲品,['MOMO'],,https://eatender.firdi.org.tw/product/detail?id=13220
優補達人海礦仙草雪耳,宣美國際股份有限公司,飲品,['官網'],,https://eatender.firdi.org.tw/product/detail?id=13221
光茵樂活有機鮮銀耳,光茵生物科技股份有限公司,飲品,"['聖德科斯', 'MOMO', '天和鮮物', '里仁']",,https://eatender.firdi.org.tw/product/detail?id=13219
宗鴻天地黑糖黑木耳露,宗鴻國際股份有限公司,飲品,"['杏一藥局', '聖德科斯']",,https://eatender.firdi.org.tw/product/detail?id=13217
宗鴻天地紅棗黑木耳露,宗鴻國際股份有限公司,飲品,"['杏一藥局', '聖德科斯']",,https://eatender.firdi.org.tw/product/detail?id=13218
有機杏仁穀物飲,貫金食品股份有限公司,飲品,['YESNATURE'],,https://eatender.firdi.org.tw/product/detail?id=13216
蒲燒鯛魚肉排,亞諾企業有限公司,主菜,['https://www.pingroun.com.tw/ecommerce/%E5%8E%9A%E5'],,https://eatender.firdi.org.tw/product/detail?id=13781
明太子玉子燒,屏榮實業股份有限公司,主菜,,https://www.pingroun.com.tw/ecommerce/product1/tamagoyaki/%E6%98%8E%E5%A4%AA%E5%AD%90%E7%8E%89%E5%AD,https://eatender.firdi.org.tw/product/detail?id=13778
蒲燒鱸魚片,亞諾企業有限公司,主菜,['https://www.pingroun.com.tw/ecommerce/%E8%92%B2%E7'],,https://eatender.firdi.org.tw/product/detail?id=13780
櫻花蝦玉子燒,屏榮實業股份有限公司,主菜,,https://www.pingroun.com.tw/ecommerce/product1/tamagoyaki/%E6%AB%BB%E8%8A%B1%E8%9D%A6%E7%8E%89%E5%AD,https://eatender.firdi.org.tw/product/detail?id=13779
輕調味蒲燒虱目魚肚,亞諾企業有限公司,主菜,['https://www.pingroun.com.tw/ecommerce/product1/shi'],,https://eatender.firdi.org.tw/product/detail?id=13787
紅燒牛肉湯(爐),得意中華食品有限公司,主菜,"['台灣滷味博物館、餐廳業務用', '東森購物']",,https://eatender.firdi.org.tw/product/detail?id=13783
博客蒜香黑胡椒雞胸肉,統一企業股份有限公司,主菜,['7-ELEVEN'],https://www.pecos.com.tw/brands-%E5%8D%9A%E5%AE%A2.html,https://eatender.firdi.org.tw/product/detail?id=13804
香魚,得意中華食品有限公司,主菜,"['台灣滷味博物館', '東森購物', '福華Homia', '安永鮮物']",,https://eatender.firdi.org.tw/product/detail?id=13796
三機清蒸豆鼓植物鱈魚排,鈺統食品股份有限公司,主菜,,https://shop.sungift.tw/products/%E6%B8%85%E8%92%B8%E8%B1%86%E9%BC%93%E6%A4%8D%E7%89%A9%E9%B1%88%E9%,https://eatender.firdi.org.tw/product/detail?id=13814
靈芝多醣雞精萃,世達流通股份有限公司,其他,"['天下網路書店', '蝦皮購物', 'Momo購物', '柑仔店、健康食彩、無毒的家、心樸市集', 'Jasons、CitySuper、微風超市、誠品知味市集、新光三越超市']",https://www.laurel-nutrilab.com/products/%E9%9D%88%E8%8A%9D%E5%A4%9A%E9%86%A3%E9%9B%9E%E7%B2%BE%E8%9,https://eatender.firdi.org.tw/product/detail?id=13684
三機鮮蔬植物肉丸,鈺統食品股份有限公司,主菜,,https://shop.sungift.tw/products/%E9%AE%AE%E8%94%AC%E6%A4%8D%E7%89%A9%E8%82%89%E4%B8%B8,https://eatender.firdi.org.tw/product/detail?id=13818
植物肉漢堡排餐-蔬菜咖哩醬,緒裕生技股份有限公司,主菜,['聖德科斯'],https://nomeating.com/product.php?lang=tw&tb=1&cid=27,https://eatender.firdi.org.tw/product/detail?id=13833
赤羽滴雞精,立高生機股份有限公司,其他,"['蝦皮', '門市(台北通化門市)；專櫃(中和環球B2店、台大醫院附設西址商場、台中第六市場)']",https://www.uneedchicken.com/products/checkenessence-giftbox,https://eatender.firdi.org.tw/product/detail?id=13693
心焙雞精,統一企業股份有限公司,其他,"['康是美', '康是美']",,https://eatender.firdi.org.tw/product/detail?id=13689
花賜康-紫錐花寶貝護體凍,台灣德瑞特生物科技股份有限公司,其他,,https://www.flothy.tw/products/echinaceatonic-cx1-1,https://eatender.firdi.org.tw/product/detail?id=13690
蓁愛古早味原味雞精,蓁愛養生食品有限公司,其他,,https://www.942.tw/products/%E9%81%B5%E5%BE%AA%E5%8F%A4%E6%B3%95%EF%BC%8D%E8%93%81%E6%84%9B%E3%80%90,https://eatender.firdi.org.tw/product/detail?id=13698
純煉-原味滴雞精,寶島手路菜有限公司,其他,"['pchome購物網', 'momo購物網', 'yahoo購物中心', '無', '無', '無', '無', '無']",https://www.privatecuisine.tw/categories/%E5%8E%9F%E5%91%B3%E6%BB%B4%E9%9B%9E%E7%B2%BE,https://eatender.firdi.org.tw/product/detail?id=13697
魚青淬鯖魚精,蘇澳區漁會,其他,['祝大漁門市'],https://www.afish.com.tw/,https://eatender.firdi.org.tw/product/detail?id=13695
黃金蟲草飲30入,順天本草股份有限公司,其他,"['PCHOME購物', '東森購物', 'momo購物網', '中藥房、中醫診所', '有', '無', '無', '無', '無']",http://www.suntenherb.com.tw/tw/product/show.aspx?num=210&kind=3&page=1,https://eatender.firdi.org.tw/product/detail?id=13714
精燉鱸魚煲湯,峰漁股份有限公司,其他,"['好市多線上購物', '好市多']",,https://eatender.firdi.org.tw/product/detail?id=13720
品純萃鱸魚精,食安生技股份有限公司,其他,"['YAHOO', 'PCHOME', 'MOMO購物網', '無', '無', '聖德科斯、有機園地、正直村', 'CITYSUPER', '無', '7-ELEVEN(醫院型門市)']",https://www.natural-essence.com.tw/,https://eatender.firdi.org.tw/product/detail?id=13737
光茵樂活御沛黑穀飲,光茵生物科技股份有限公司,飲品,"['生活市集', '聖德科斯', 'MOMO']",,https://eatender.firdi.org.tw/product/detail?id=13215
品純萃牛蒡鱸魚精,食安生技股份有限公司,其他,"['PCHOME', 'MOMO購物網']",https://www.natural-essence.com.tw/collections/frontpage,https://eatender.firdi.org.tw/product/detail?id=13751
柚香人蔘胜肽精萃,世達流通股份有限公司,其他,"['天下網路書店', '蝦皮購物', 'Momo購物', '柑仔店、健康食彩、無毒的家、心樸市集', 'Jasons、CitySuper、微風超市、誠品知味市集、新光三越超市']",https://www.laurel-nutrilab.com/products/%E6%9F%9A%E9%A6%99%E4%BA%BA%E8%94%98%E8%83%9C%E8%82%BD%E7%B,https://eatender.firdi.org.tw/product/detail?id=13746
純濃燕麥(葡萄糖胺活力雙效),愛之味股份有限公司,飲品,"['PChome24h', 'MOMO', '全聯', '量販', '各大超市', '7-11']",,https://eatender.firdi.org.tw/product/detail?id=13212
御藜麥,愛之味股份有限公司,飲品,"['PChome24h', 'MOMO', '各大超市', '全聯', '量販', '7-11']",,https://eatender.firdi.org.tw/product/detail?id=13213
有機亞麻穀物飲,貫金食品股份有限公司,飲品,"['棉花田', 'YESNATURE']",,https://eatender.firdi.org.tw/product/detail?id=13214
有機燕麥豆奶,御食股份有限公司,飲品,"['台灣好農超值市集(民生店)', '台灣好農']",,https://eatender.firdi.org.tw/product/detail?id=13211
日全食飲品-杏仁米豆奶,格林全食物股份有限公司,飲品,"['陽明春天', '一之軒麵包店', '新光三越百貨-美麗超市', '誠品書店-知味市集', '元榆牧場']",,https://eatender.firdi.org.tw/product/detail?id=13210
統一陽光糙米漿,統一企業股份有限公司,飲品,"['全聯', '美廉社', '惠康', '量販店(家樂福、大潤發、愛買)', '便利商店(7-11、全家、萊爾富、OK)']",,https://eatender.firdi.org.tw/product/detail?id=13209
2021社會企業|老梅肉,友聚生機實業股份有限公司,其他,"['愛飯團', 'Pinkoi', '台灣主婦聯盟生活消費合作社/GREEN&SAFE永豐餘生技/健康食彩', '家樂福Impact概念店']",https://www.2021.com.tw/SalePage/Index/6341452,https://eatender.firdi.org.tw/product/detail?id=13789
純煉-紅棗枸杞滴雞精,寶島手路菜有限公司,其他,"['pchome購物網', 'momo購物網', 'yahoo購物中心', '無', '無', '無', '無', '無']",https://www.privatecuisine.tw/,https://eatender.firdi.org.tw/product/detail?id=13788
有機乾燥雨來菇,沁園企業社,其他,"['三立電電購', '恆春農會超市']",https://www.facebook.com/sgshealthy,https://eatender.firdi.org.tw/product/detail?id=13786
純煉-十全龜鹿滴雞精,寶島手路菜有限公司,其他,"['pchome購物網', 'momo購物網', 'yahoo購物中心', '無', '無', '無', '無', '無']",https://www.privatecuisine.tw/categories/%E5%8D%81%E5%85%A8%E9%BE%9C%E9%B9%BF%E6%BB%B4%E9%9B%9E%E7%B,https://eatender.firdi.org.tw/product/detail?id=13803
安永-石斑魚高湯,安永生活事業股份有限公司,其他,['安永鮮物'],https://www.anyongfresh.com/Product/11917,https://eatender.firdi.org.tw/product/detail?id=13797
黃金蟲草飲6入,順天本草股份有限公司,其他,"['PCHOME購物', '東森購物', 'momo購物網', '中藥房、中醫診所', '有', '無', '無', '無', '無']",http://www.suntenherb.com.tw/tw/product/show.aspx?num=210&kind=3&page=1,https://eatender.firdi.org.tw/product/detail?id=13810
芳茲日月養生滴雞精,芳茂企業股份有限公司,其他,"['pinkoi', '蝦皮商城', 'momo購物網', '振興醫院、台北市立萬芳醫院、台中榮民總醫院']",https://www.fun-s.com.tw/products/essenceofchicken-pack,https://eatender.firdi.org.tw/product/detail?id=13801
芳茲日月養生滴魚精,芳茂企業股份有限公司,其他,"['pinkoi', '蝦皮商城', 'momo購物網', '振興醫院、台北市立萬芳醫院、台中榮民總醫院']",https://www.fun-s.com.tw/categories/essenceoffish,https://eatender.firdi.org.tw/product/detail?id=13805
芳茲燕窩胜肽美妍飲,芳茂企業股份有限公司,其他,"['蝦皮商城', 'momo購物網', '振興醫院、台北市立萬芳醫院、台中榮民總醫院']",https://www.fun-s.com.tw/categories/cubilose-beauty,https://eatender.firdi.org.tw/product/detail?id=13830
芳茲燕窩胜肽銀耳飲,芳茂企業股份有限公司,其他,"['pinkoi', '蝦皮商城', 'momo購物網', '振興醫院、台北市立萬芳醫院、台中榮民總醫院']",https://www.fun-s.com.tw/categories/cubilose,https://eatender.firdi.org.tw/product/detail?id=13831
